[{"model": "home.homepage", "pk": 3, "fields": {"b_image": 22, "head_msg": "Professional Life Coaching with Vincent", "head_body": "<p data-block-key=\"zx9zm\">Professional Life coach and advisor</p>", "head_btn_link": "<p data-block-key=\"nc7i6\"><a id=\"13\" linktype=\"page\">Free Consultation</a></p>", "pic": 7, "info": "<p data-block-key=\"uz3hg\">Lorem ipsum dolor sit amet, consectetur adipiscing elit. Ut elit tellus, luctus nec ullamcorper mattis, pulvinar dapibus leo. Ut elit tellus, luctus nec ullamcorper mattis, pulvinar dapibus leo.<br/>Lorem Ipsum <i>consectetuer adipiscing elit. Lorem ipsum dolor sit amet. Lorem ipsum dolor lorem lorem</i></p><ul><li data-block-key=\"fm8f1\">Nsectetur cing elit so you need to prioze thse tass <a id=\"13\" linktype=\"page\">into</a>.</li><li data-block-key=\"esug\">Suspe ndisse suscipit sagittis leo in pety of casos.</li><li data-block-key=\"2nbof\">Entum estibulum dignissim posuere.</li></ul>", "link": "<p data-block-key=\"kpv6i\"><a id=\"13\" linktype=\"page\">Free Consultation</a></p>", "team": "[{\"type\": \"teammate\", \"value\": {\"photo\": 8, \"name\": \"Vincent Oj\", \"details\": \"CEO\"}, \"id\": \"799b8168-200b-4b77-85b6-35ef8c018e19\"}, {\"type\": \"teammate\", \"value\": {\"photo\": 9, \"name\": \"Carina Coop\", \"details\": \"Therapist\"}, \"id\": \"57f75e9e-1158-4c6f-9897-0d1153b71872\"}, {\"type\": \"teammate\", \"value\": {\"photo\": 10, \"name\": \"Lisa Osbon\", \"details\": \"Financial Advisor\"}, \"id\": \"e462dde0-7cda-499e-a1f3-0a43fefd31c1\"}, {\"type\": \"teammate\", \"value\": {\"photo\": 11, \"name\": \"Mark Donalds\", \"details\": \"Entrepreneural Advisor\"}, \"id\": \"b4991696-bdb2-4553-9054-8a35a74f5a58\"}]", "contact_phone": "256774559687", "contact_email": "ojaravincent5@gmail.com", "contact_location": "Kampala, Uganda"}}, {"model": "home.homepageprices", "pk": 1, "fields": {"sort_order": 0, "page": 3, "price_type": "Basic", "price": "Ushs 50,000/=", "basis": "per hour", "breakdown": "<p data-block-key=\"86mr5\">One-on-one zoom meeting<br/>1 exercise<br/>Medical prescription if needed<br/>1 followup session free</p>", "order_link": "Book Now"}}, {"model": "home.homepageprices", "pk": 2, "fields": {"sort_order": 1, "page": 3, "price_type": "Group", "price": "Ushs 250,000/=", "basis": "per hour (1-5 people)", "breakdown": "<p data-block-key=\"feeov\">One-on-one zoom meeting<br/>1 exercise per person<br/>Medical prescription if needed<br/>1 followup physical free</p>", "order_link": "Book Now"}}, {"model": "home.homepageprices", "pk": 3, "fields": {"sort_order": 2, "page": 3, "price_type": "Premium -Single", "price": "Ushs 150,000", "basis": "per hour", "breakdown": "<p data-block-key=\"feeov\">Physical meeting<br/>3 exercise<br/>Medical prescription if needed<br/>2 followup session free</p><p data-block-key=\"2364v\">A free e-book</p>", "order_link": "Book Now"}}, {"model": "home.homepageservices", "pk": 1, "fields": {"sort_order": 0, "page": 3, "icon": 3, "service": "Enterpreneurship Guidance", "description": "<p data-block-key=\"8qwbl\">Lorem Ipsum <i>consectetuer adipiscing elit. Lorem ipsum dolor sit amet. Lorem ipsum dolor lorem lorem</i></p>"}}, {"model": "home.homepageservices", "pk": 2, "fields": {"sort_order": 1, "page": 3, "icon": 4, "service": "Financial Literacty", "description": "<p data-block-key=\"8qwbl\">Lorem Ipsum <i>consectetuer adipiscing elit. Lorem ipsum dolor sit amet. Lorem ipsum dolor lorem lorem</i></p>"}}, {"model": "home.homepageservices", "pk": 3, "fields": {"sort_order": 2, "page": 3, "icon": 5, "service": "Work Life Balance", "description": "<p data-block-key=\"8qwbl\">Lorem Ipsum <i>consectetuer adipiscing elit. Lorem ipsum dolor sit amet. Lorem ipsum dolor lorem lorem</i></p>"}}, {"model": "home.homepageservices", "pk": 4, "fields": {"sort_order": 3, "page": 3, "icon": 6, "service": "Important Decision Making", "description": "<p data-block-key=\"8qwbl\">Lorem Ipsum <i>consectetuer adipiscing elit. Lorem ipsum dolor sit amet. Lorem ipsum dolor lorem lorem</i></p>"}}, {"model": "home.homepageservices", "pk": 5, "fields": {"sort_order": 4, "page": 3, "icon": 2, "service": "Career Mentorship", "description": "<p data-block-key=\"q3oy9\">Lorem Ipsum <i>consectetuer adipiscing elit. Lorem ipsum dolor sit amet. Lorem ipsum dolor lorem lorem</i></p>"}}, {"model": "about.about", "pk": 5, "fields": {"subtitle": "About us", "story": "<h2 data-block-key=\"g81d1\">Meet Vincent - A Modern-Day<br/>Life Coach &amp; Advisor!</h2><p data-block-key=\"bkgms\"></p><p data-block-key=\"anfbc\">There are many variations of passages of Ipsum available, but the majority have suffered alteration in some form, by injected humour, or randomised words which don’t look even slightly believable. If you are going to use a passage of you need to be sure there isn’t anything embarrassing hidden in the middle of text. Lorem ipsum is simply free text dolor sit amet, consectetur adipisicing elit, sed do eiusmod tempor incididunt ut labore et dolore magna aliqua. Ut enim ad minilor in reprehenderit in voluptate.</p>", "picture": 12, "testimonials": "[{\"type\": \"testifier\", \"value\": {\"testimony\": \"<p data-block-key=\\\"feytv\\\">I had success in my business and in my life but I knew there was something more for me so I hired Vincent. Vincent challenged my thinking, my attitudes, values and beliefs and he saw in me the potential that I needed to see in myself.</p>\", \"profilepic\": 1, \"name\": \"Adams\", \"profession\": \"Analyst\"}, \"id\": \"1a0e981f-ae10-4f75-891d-e6de4fc3684c\"}, {\"type\": \"testifier\", \"value\": {\"testimony\": \"<p data-block-key=\\\"feytv\\\">When I reached out to Vincent Coaching, I was not sure if I needed a therapist or a business life coach but once Vincent got involved, he helped me tackle and focus on the most important goal of mine\\u2026.<b>working ON my business and not IN my business</b>.</p><p data-block-key=\\\"55g1t\\\">I had no idea having a business coach could be so <b>helpful in all areas of my life</b>, I truly had several Breakthrough for Life moments that will last a lifetime.</p><p data-block-key=\\\"b2ti8\\\">I am so grateful for everything Business Coach, Vincent taught me. He<b> gave me the confidence and tools to continue to grow my business</b></p>\", \"profilepic\": 14, \"name\": \"Maria\", \"profession\": \"Baker\"}, \"id\": \"12bbb299-29a8-45aa-be1e-703ffc061e46\"}]"}}, {"model": "blog.blogindexpage", "pk": 4, "fields": {"intro": "<p data-block-key=\"zbdsb\">Latest News from our awesome blogs 😌</p>"}}, {"model": "blog.blogpage", "pk": 6, "fields": {"heading": "Studying for Life & Workplace Balance", "date": "2022-09-27T11:45:09.137Z", "author": "Monroe", "image": 15, "body": "<p data-block-key=\"i2oec\"><b>Lorem Ipsum</b> is simply dummy text of the printing and typesetting industry. Lorem Ipsum has been the industry&#x27;s standard dummy text ever since the 1500s, when an unknown printer took a galley of type and scrambled it to make a type specimen book. It has survived not only five centuries, but also the leap into electronic typesetting, remaining essentially unchanged. It was popularised in the 1960s with the release of Letraset sheets containing Lorem Ipsum passages, and more recently with desktop publishing software like Aldus PageMaker including versions of Lorem Ipsum.</p>"}}, {"model": "blog.blogpage", "pk": 7, "fields": {"heading": "Career day", "date": "2022-09-28T14:49:12.463Z", "author": "Jungu", "image": 16, "body": "<p data-block-key=\"d7bh0\"><b>Lorem Ipsum</b> is simply dummy text of the printing and typesetting industry. Lorem Ipsum has been the industry&#x27;s standard dummy text ever since the 1500s, when an unknown printer took a galley of type and scrambled it to make a type specimen book. It has survived not only five centuries, but also the leap into electronic typesetting, remaining essentially unchanged. It was popularised in the 1960s with the release of Letraset sheets containing Lorem Ipsum passages, and more recently with desktop publishing software like Aldus PageMaker including versions of Lorem Ipsum.</p>"}}, {"model": "blog.blogpage", "pk": 8, "fields": {"heading": "Enterprise", "date": "2022-09-28T14:49:20.665Z", "author": "Malrin", "image": 17, "body": "<p data-block-key=\"ete4t\"><b>Lorem Ipsum</b> is simply dummy text of the printing and typesetting industry. Lorem Ipsum has been the industry&#x27;s standard dummy text ever since the 1500s, when an unknown printer took a galley of type and scrambled it to make a type specimen book. It has survived not only five centuries, but also the leap into electronic typesetting, remaining essentially unchanged. It was popularised in the 1960s with the release of Letraset sheets containing Lorem Ipsum passages, and more recently with desktop publishing software like Aldus PageMaker including versions of Lorem Ipsum.</p>"}}, {"model": "blog.blogpage", "pk": 9, "fields": {"heading": "Open life", "date": "2022-09-28T14:49:26.260Z", "author": "Vince", "image": 18, "body": "<p data-block-key=\"rb75y\"><b>Lorem Ipsum</b> is simply dummy text of the printing and typesetting industry. Lorem Ipsum has been the industry&#x27;s standard dummy text ever since the 1500s, when an unknown printer took a galley of type and scrambled it to make a type specimen book. It has survived not only five centuries, but also the leap into electronic typesetting, remaining essentially unchanged. It was popularised in the 1960s with the release of Letraset sheets containing Lorem Ipsum passages, and more recently with desktop publishing software like Aldus PageMaker including versions of Lorem Ipsum.</p>"}}, {"model": "blog.blogpage", "pk": 10, "fields": {"heading": "Journal", "date": "2022-09-28T14:49:32.626Z", "author": "Rita", "image": 19, "body": "<p data-block-key=\"ahwda\"><b>Lorem Ipsum</b> is simply dummy text of the printing and typesetting industry. Lorem Ipsum has been the industry&#x27;s standard dummy text ever since the 1500s, when an unknown printer took a galley of type and scrambled it to make a type specimen book. It has survived not only five centuries, but also the leap into electronic typesetting, remaining essentially unchanged. It was popularised in the 1960s with the release of Letraset sheets containing Lorem Ipsum passages, and more recently with desktop publishing software like Aldus PageMaker including versions of Lorem Ipsum.</p>"}}, {"model": "blog.blogpage", "pk": 11, "fields": {"heading": "Rainy Wins", "date": "2022-09-28T14:49:38.046Z", "author": "Boron", "image": 20, "body": "<p data-block-key=\"7l7bp\"><b>Lorem Ipsum</b> is simply dummy text of the printing and typesetting industry. Lorem Ipsum has been the industry&#x27;s standard dummy text ever since the 1500s, when an unknown printer took a galley of type and scrambled it to make a type specimen book. It has survived not only five centuries, but also the leap into electronic typesetting, remaining essentially unchanged. It was popularised in the 1960s with the release of Letraset sheets containing Lorem Ipsum passages, and more recently with desktop publishing software like Aldus PageMaker including versions of Lorem Ipsum.</p>"}}, {"model": "services.ourservicesindex", "pk": 14, "fields": {"intro": "<p data-block-key=\"vxbel\">Our services</p>"}}, {"model": "services.ourservices", "pk": 12, "fields": {"service_name": "Career Mentorship", "cover_image": 21, "content": "<p data-block-key=\"h63s6\">It is a long established fact that a reader will be distracted by the readable content of a page when looking at its layout. The point of using Lorem Ipsum is that it has a more-or-less normal distribution of letters, as opposed to using &#x27;Content here, content here&#x27;, making it look like readable English. Many desktop publishing packages and web page editors now use Lorem Ipsum as their default model text, and a search for &#x27;lorem ipsum&#x27; will uncover many web sites still in their infancy. Various versions have evolved over the years, sometimes by accident, sometimes on purpose (injected humour and the like).</p>"}}, {"model": "services.ourservices", "pk": 15, "fields": {"service_name": "Financial Avice", "cover_image": 18, "content": "<p data-block-key=\"4600m\"><b>In November, when I defended my own work against the falsehood, I began noticing that it endures despite strong evidence that marginalized groups gain the most from norms that protect free expression and are harmed most grievously by limits on free speech, even when well-intentioned.</b></p>"}}, {"model": "contactus.formfield", "pk": 1, "fields": {"sort_order": 0, "clean_name": "name", "label": "Name", "field_type": "singleline", "required": true, "choices": "", "default_value": "e.g John Doe", "help_text": "", "page": 13}}, {"model": "contactus.formfield", "pk": 2, "fields": {"sort_order": 1, "clean_name": "email", "label": "Email", "field_type": "email", "required": true, "choices": "", "default_value": "e.g johndoe@gmail.com", "help_text": "", "page": 13}}, {"model": "contactus.formfield", "pk": 3, "fields": {"sort_order": 2, "clean_name": "telephone", "label": "Telephone", "field_type": "number", "required": true, "choices": "", "default_value": "0702330044", "help_text": "", "page": 13}}, {"model": "contactus.formfield", "pk": 4, "fields": {"sort_order": 3, "clean_name": "message", "label": "Message", "field_type": "multiline", "required": true, "choices": "", "default_value": "", "help_text": "", "page": 13}}, {"model": "contactus.formpage", "pk": 13, "fields": {"to_address": "paulinon141@gmail.com", "from_address": "ojaravincent5@gmail.com", "subject": "Contact form submissions", "intro": "<p data-block-key=\"s0h61\">Hello, feel free to reach out if you have any questions</p>", "thank_you_text": "<p data-block-key=\"24kd9\">Thank you!</p>"}}, {"model": "navigation.navitems", "pk": 1, "fields": {"sort_order": 0, "page": 1, "page_title": "About", "page_url": null, "link_to_page": 5, "open_next_tab": false}}, {"model": "navigation.navitems", "pk": 2, "fields": {"sort_order": 1, "page": 1, "page_title": "Services", "page_url": null, "link_to_page": 12, "open_next_tab": false}}, {"model": "navigation.navitems", "pk": 3, "fields": {"sort_order": 2, "page": 1, "page_title": "Blog", "page_url": null, "link_to_page": 4, "open_next_tab": false}}, {"model": "navigation.navitems", "pk": 4, "fields": {"sort_order": 3, "page": 1, "page_title": "Contact Us", "page_url": null, "link_to_page": 13, "open_next_tab": false}}, {"model": "navigation.navbar", "pk": 1, "fields": {"name": "Top menu", "slug": "top-menu"}}, {"model": "wagtailredirects.redirect", "pk": 1, "fields": {"old_path": "/service-1", "site": 2, "is_permanent": true, "redirect_page": 12, "redirect_page_route_path": "", "redirect_link": "", "automatically_created": true, "created_at": "2022-10-15T16:52:54.589Z"}}, {"model": "wagtailredirects.redirect", "pk": 2, "fields": {"old_path": "/services/service-1/service-2", "site": 2, "is_permanent": true, "redirect_page": 15, "redirect_page_route_path": "", "redirect_link": "", "automatically_created": true, "created_at": "2022-10-15T17:08:48.138Z"}}, {"model": "wagtailusers.userprofile", "pk": 1, "fields": {"user": 1, "submitted_notifications": true, "approved_notifications": true, "rejected_notifications": true, "updated_comments_notifications": true, "preferred_language": "", "current_time_zone": "", "avatar": ""}}, {"model": "wagtailimages.image", "pk": 1, "fields": {"collection": 1, "title": "team-1", "file": "original_images/team-1.jpg", "width": 400, "height": 400, "created_at": "2022-09-22T13:10:31.986Z", "uploaded_by_user": 1, "focal_point_x": null, "focal_point_y": null, "focal_point_width": null, "focal_point_height": null, "file_size": 42987, "file_hash": "05ef36a0e4cef63adc9748424f017569cd552fb6"}}, {"model": "wagtailimages.image", "pk": 2, "fields": {"collection": 1, "title": "career", "file": "original_images/career.png", "width": 304, "height": 330, "created_at": "2022-09-23T06:38:21.308Z", "uploaded_by_user": 1, "focal_point_x": null, "focal_point_y": null, "focal_point_width": null, "focal_point_height": null, "file_size": 25847, "file_hash": "910f82e5c56309974433078146b9b38e37525800"}}, {"model": "wagtailimages.image", "pk": 3, "fields": {"collection": 1, "title": "ent", "file": "original_images/ent.png", "width": 304, "height": 330, "created_at": "2022-09-23T06:39:47.254Z", "uploaded_by_user": 1, "focal_point_x": null, "focal_point_y": null, "focal_point_width": null, "focal_point_height": null, "file_size": 26084, "file_hash": "f3b3e825198daa33ffa151a3de6381c494357ce5"}}, {"model": "wagtailimages.image", "pk": 4, "fields": {"collection": 1, "title": "Budget", "file": "original_images/Budget.png", "width": 267, "height": 267, "created_at": "2022-09-23T06:41:20.167Z", "uploaded_by_user": 1, "focal_point_x": null, "focal_point_y": null, "focal_point_width": null, "focal_point_height": null, "file_size": 6540, "file_hash": "8ea5586305c78f2970445500880eecda36adfe08"}}, {"model": "wagtailimages.image", "pk": 5, "fields": {"collection": 1, "title": "worklife", "file": "original_images/worklife.png", "width": 304, "height": 330, "created_at": "2022-09-23T06:42:01.581Z", "uploaded_by_user": 1, "focal_point_x": null, "focal_point_y": null, "focal_point_width": null, "focal_point_height": null, "file_size": 24393, "file_hash": "1c5646d9151ef12a5d36b591ce1bb641f3750e36"}}, {"model": "wagtailimages.image", "pk": 6, "fields": {"collection": 1, "title": "decision", "file": "original_images/decision.png", "width": 304, "height": 330, "created_at": "2022-09-23T06:42:30.473Z", "uploaded_by_user": 1, "focal_point_x": null, "focal_point_y": null, "focal_point_width": null, "focal_point_height": null, "file_size": 29428, "file_hash": "83135dfecde4a69a16e7b8cec0f58f938f32ec8d"}}, {"model": "wagtailimages.image", "pk": 7, "fields": {"collection": 1, "title": "coa", "file": "original_images/coa.jpg", "width": 6000, "height": 4000, "created_at": "2022-09-23T06:48:27.563Z", "uploaded_by_user": 1, "focal_point_x": null, "focal_point_y": null, "focal_point_width": null, "focal_point_height": null, "file_size": 3794133, "file_hash": "91f8841e722151acab716ddb0c2f5213bc4ebc82"}}, {"model": "wagtailimages.image", "pk": 8, "fields": {"collection": 1, "title": "workman", "file": "original_images/workman.jpg", "width": 4348, "height": 6522, "created_at": "2022-09-23T06:49:20.095Z", "uploaded_by_user": 1, "focal_point_x": null, "focal_point_y": null, "focal_point_width": null, "focal_point_height": null, "file_size": 3481751, "file_hash": "525a15687abf932e63666a7dd581e50305813808"}}, {"model": "wagtailimages.image", "pk": 9, "fields": {"collection": 1, "title": "team3", "file": "original_images/team3.png", "width": 690, "height": 666, "created_at": "2022-09-23T06:56:57.153Z", "uploaded_by_user": 1, "focal_point_x": null, "focal_point_y": null, "focal_point_width": null, "focal_point_height": null, "file_size": 489058, "file_hash": "42ee6fa6508c25dd0f6f5737d62b3ccedc078f39"}}, {"model": "wagtailimages.image", "pk": 10, "fields": {"collection": 1, "title": "team5", "file": "original_images/team5.png", "width": 690, "height": 666, "created_at": "2022-09-23T06:57:17.333Z", "uploaded_by_user": 1, "focal_point_x": null, "focal_point_y": null, "focal_point_width": null, "focal_point_height": null, "file_size": 612935, "file_hash": "e8aa1897681f04d7f4f877117b7b2f45d4cc8c88"}}, {"model": "wagtailimages.image", "pk": 11, "fields": {"collection": 1, "title": "man2", "file": "original_images/man2.jpg", "width": 6000, "height": 4000, "created_at": "2022-09-26T12:52:40.680Z", "uploaded_by_user": 1, "focal_point_x": null, "focal_point_y": null, "focal_point_width": null, "focal_point_height": null, "file_size": 3739750, "file_hash": "08fc9ed9b3ffa1fd10d8a28bd09e0f4442388c0a"}}, {"model": "wagtailimages.image", "pk": 12, "fields": {"collection": 1, "title": "man3", "file": "original_images/man3.jpg", "width": 3500, "height": 2333, "created_at": "2022-09-26T16:32:13.145Z", "uploaded_by_user": 1, "focal_point_x": null, "focal_point_y": null, "focal_point_width": null, "focal_point_height": null, "file_size": 799986, "file_hash": "cdaf07ab4af242a54e7f5c4fedf1c9cb7924199f"}}, {"model": "wagtailimages.image", "pk": 13, "fields": {"collection": 1, "title": "craig-mckay-jmURdhtm7Ng-unsplash", "file": "original_images/craig-mckay-jmURdhtm7Ng-unsplash.jpg", "width": 3300, "height": 4800, "created_at": "2022-09-26T16:42:41.561Z", "uploaded_by_user": 1, "focal_point_x": null, "focal_point_y": null, "focal_point_width": null, "focal_point_height": null, "file_size": 2202376, "file_hash": "96d6f745bb22f7c9c199911cafb9bed5b50e73e6"}}, {"model": "wagtailimages.image", "pk": 14, "fields": {"collection": 1, "title": "omid-armin-xOjzehJ49Hk-unsplash", "file": "original_images/omid-armin-xOjzehJ49Hk-unsplash.jpg", "width": 2063, "height": 2623, "created_at": "2022-09-26T16:44:20.802Z", "uploaded_by_user": 1, "focal_point_x": null, "focal_point_y": null, "focal_point_width": null, "focal_point_height": null, "file_size": 1547586, "file_hash": "0ab57ac4a53434ef5418b4fff4b58152a194442f"}}, {"model": "wagtailimages.image", "pk": 15, "fields": {"collection": 1, "title": "elena-mozhvilo-j06gLuKK0GM-unsplash", "file": "original_images/elena-mozhvilo-j06gLuKK0GM-unsplash.jpg", "width": 3989, "height": 4914, "created_at": "2022-09-27T11:42:26.019Z", "uploaded_by_user": 1, "focal_point_x": null, "focal_point_y": null, "focal_point_width": null, "focal_point_height": null, "file_size": 1447690, "file_hash": "a8e23c961ee4fd0f1fec5a7f1545af51c6b8adc8"}}, {"model": "wagtailimages.image", "pk": 16, "fields": {"collection": 1, "title": "dessidre-fleming-24l8TrLZCVY-unsplash", "file": "original_images/dessidre-fleming-24l8TrLZCVY-unsplash.jpg", "width": 4608, "height": 3456, "created_at": "2022-09-27T11:56:33.125Z", "uploaded_by_user": 1, "focal_point_x": null, "focal_point_y": null, "focal_point_width": null, "focal_point_height": null, "file_size": 2057147, "file_hash": "79f1f9526d5cefe39fc6e077c69a43523469e210"}}, {"model": "wagtailimages.image", "pk": 17, "fields": {"collection": 1, "title": "lidia-vi-BMPuBdpjrr8-unsplash", "file": "original_images/lidia-vi-BMPuBdpjrr8-unsplash.jpg", "width": 3000, "height": 2000, "created_at": "2022-09-27T11:58:08.222Z", "uploaded_by_user": 1, "focal_point_x": null, "focal_point_y": null, "focal_point_width": null, "focal_point_height": null, "file_size": 645071, "file_hash": "7827b646c1745f7f7aa38456442d584addd75eb5"}}, {"model": "wagtailimages.image", "pk": 18, "fields": {"collection": 1, "title": "aziz-acharki-U3C79SeHa7k-unsplash", "file": "original_images/aziz-acharki-U3C79SeHa7k-unsplash.jpg", "width": 5184, "height": 3348, "created_at": "2022-09-27T11:59:18.660Z", "uploaded_by_user": 1, "focal_point_x": null, "focal_point_y": null, "focal_point_width": null, "focal_point_height": null, "file_size": 1118238, "file_hash": "753cc422a6fad1d5a086bd4d52e4720091db7a94"}}, {"model": "wagtailimages.image", "pk": 19, "fields": {"collection": 1, "title": "prateek-katyal-FxtIWX8Q0J4-unsplash", "file": "original_images/prateek-katyal-FxtIWX8Q0J4-unsplash.jpg", "width": 6000, "height": 4000, "created_at": "2022-09-27T12:00:24.533Z", "uploaded_by_user": 1, "focal_point_x": null, "focal_point_y": null, "focal_point_width": null, "focal_point_height": null, "file_size": 3733223, "file_hash": "a0663c6916d8dc5675ba0c2d831e081d781a12a7"}}, {"model": "wagtailimages.image", "pk": 20, "fields": {"collection": 1, "title": "phoneman", "file": "original_images/phoneman.jpg", "width": 6000, "height": 4000, "created_at": "2022-09-27T12:01:37.283Z", "uploaded_by_user": 1, "focal_point_x": null, "focal_point_y": null, "focal_point_width": null, "focal_point_height": null, "file_size": 2442763, "file_hash": "76e74d9340f42985c0fdda2fe3b09c9ccc03a1ba"}}, {"model": "wagtailimages.image", "pk": 21, "fields": {"collection": 1, "title": "daniel-thomas-gWlBxOAgXgQ-unsplash", "file": "original_images/daniel-thomas-gWlBxOAgXgQ-unsplash.jpg", "width": 4512, "height": 3007, "created_at": "2022-09-27T12:49:52.675Z", "uploaded_by_user": 1, "focal_point_x": null, "focal_point_y": null, "focal_point_width": null, "focal_point_height": null, "file_size": 2263510, "file_hash": "8d165f161a1d33e9520194c0f813d1655f575b56"}}, {"model": "wagtailimages.image", "pk": 22, "fields": {"collection": 1, "title": "man", "file": "original_images/man.jpg", "width": 3744, "height": 5616, "created_at": "2022-10-16T08:15:33.428Z", "uploaded_by_user": 1, "focal_point_x": null, "focal_point_y": null, "focal_point_width": null, "focal_point_height": null, "file_size": 1471344, "file_hash": "eb4131c89ffb0b95f0dcd7432a73585a37a1011e"}}, {"model": "wagtailimages.rendition", "pk": 1, "fields": {"filter_spec": "max-165x165", "file": "images/team-1.max-165x165.jpg", "width": 165, "height": 165, "focal_point_key": "", "image": 1}}, {"model": "wagtailimages.rendition", "pk": 2, "fields": {"filter_spec": "max-165x165", "file": "images/career.max-165x165.png", "width": 152, "height": 165, "focal_point_key": "", "image": 2}}, {"model": "wagtailimages.rendition", "pk": 3, "fields": {"filter_spec": "max-165x165", "file": "images/ent.max-165x165.png", "width": 152, "height": 165, "focal_point_key": "", "image": 3}}, {"model": "wagtailimages.rendition", "pk": 4, "fields": {"filter_spec": "max-165x165", "file": "images/Budget.max-165x165.png", "width": 165, "height": 165, "focal_point_key": "", "image": 4}}, {"model": "wagtailimages.rendition", "pk": 5, "fields": {"filter_spec": "max-165x165", "file": "images/worklife.max-165x165.png", "width": 152, "height": 165, "focal_point_key": "", "image": 5}}, {"model": "wagtailimages.rendition", "pk": 6, "fields": {"filter_spec": "max-165x165", "file": "images/decision.max-165x165.png", "width": 152, "height": 165, "focal_point_key": "", "image": 6}}, {"model": "wagtailimages.rendition", "pk": 7, "fields": {"filter_spec": "fill-80x80", "file": "images/ent.2e16d0ba.fill-80x80.png", "width": 80, "height": 80, "focal_point_key": "2e16d0ba", "image": 3}}, {"model": "wagtailimages.rendition", "pk": 8, "fields": {"filter_spec": "fill-80x80", "file": "images/Budget.2e16d0ba.fill-80x80.png", "width": 80, "height": 80, "focal_point_key": "2e16d0ba", "image": 4}}, {"model": "wagtailimages.rendition", "pk": 9, "fields": {"filter_spec": "fill-80x80", "file": "images/worklife.2e16d0ba.fill-80x80.png", "width": 80, "height": 80, "focal_point_key": "2e16d0ba", "image": 5}}, {"model": "wagtailimages.rendition", "pk": 10, "fields": {"filter_spec": "fill-80x80", "file": "images/decision.2e16d0ba.fill-80x80.png", "width": 80, "height": 80, "focal_point_key": "2e16d0ba", "image": 6}}, {"model": "wagtailimages.rendition", "pk": 11, "fields": {"filter_spec": "fill-80x80", "file": "images/career.2e16d0ba.fill-80x80.png", "width": 80, "height": 80, "focal_point_key": "2e16d0ba", "image": 2}}, {"model": "wagtailimages.rendition", "pk": 12, "fields": {"filter_spec": "max-165x165", "file": "images/coa.max-165x165.jpg", "width": 165, "height": 110, "focal_point_key": "", "image": 7}}, {"model": "wagtailimages.rendition", "pk": 13, "fields": {"filter_spec": "max-165x165", "file": "images/workman.max-165x165.jpg", "width": 110, "height": 165, "focal_point_key": "", "image": 8}}, {"model": "wagtailimages.rendition", "pk": 14, "fields": {"filter_spec": "original", "file": "images/workman.original.jpg", "width": 4348, "height": 6522, "focal_point_key": "", "image": 8}}, {"model": "wagtailimages.rendition", "pk": 15, "fields": {"filter_spec": "max-800x600", "file": "images/workman.max-800x600.jpg", "width": 400, "height": 600, "focal_point_key": "", "image": 8}}, {"model": "wagtailimages.rendition", "pk": 16, "fields": {"filter_spec": "max-165x165", "file": "images/team3.max-165x165.png", "width": 165, "height": 159, "focal_point_key": "", "image": 9}}, {"model": "wagtailimages.rendition", "pk": 17, "fields": {"filter_spec": "max-165x165", "file": "images/team5.max-165x165.png", "width": 165, "height": 159, "focal_point_key": "", "image": 10}}, {"model": "wagtailimages.rendition", "pk": 18, "fields": {"filter_spec": "max-320x200", "file": "images/coa.max-320x200.jpg", "width": 300, "height": 200, "focal_point_key": "", "image": 7}}, {"model": "wagtailimages.rendition", "pk": 19, "fields": {"filter_spec": "original", "file": "images/team3.original.png", "width": 690, "height": 666, "focal_point_key": "", "image": 9}}, {"model": "wagtailimages.rendition", "pk": 20, "fields": {"filter_spec": "original", "file": "images/team5.original.png", "width": 690, "height": 666, "focal_point_key": "", "image": 10}}, {"model": "wagtailimages.rendition", "pk": 21, "fields": {"filter_spec": "max-520x300", "file": "images/coa.max-520x300.jpg", "width": 450, "height": 300, "focal_point_key": "", "image": 7}}, {"model": "wagtailimages.rendition", "pk": 22, "fields": {"filter_spec": "max-720x500", "file": "images/coa.max-720x500.jpg", "width": 720, "height": 480, "focal_point_key": "", "image": 7}}, {"model": "wagtailimages.rendition", "pk": 23, "fields": {"filter_spec": "max-820x600", "file": "images/coa.max-820x600.jpg", "width": 820, "height": 546, "focal_point_key": "", "image": 7}}, {"model": "wagtailimages.rendition", "pk": 24, "fields": {"filter_spec": "max-165x165", "file": "images/man2.max-165x165.jpg", "width": 165, "height": 110, "focal_point_key": "", "image": 11}}, {"model": "wagtailimages.rendition", "pk": 25, "fields": {"filter_spec": "fill-80x80", "file": "images/workman.2e16d0ba.fill-80x80.jpg", "width": 80, "height": 80, "focal_point_key": "2e16d0ba", "image": 8}}, {"model": "wagtailimages.rendition", "pk": 26, "fields": {"filter_spec": "fill-80x80", "file": "images/team3.2e16d0ba.fill-80x80.png", "width": 80, "height": 80, "focal_point_key": "2e16d0ba", "image": 9}}, {"model": "wagtailimages.rendition", "pk": 27, "fields": {"filter_spec": "fill-80x80", "file": "images/team5.2e16d0ba.fill-80x80.png", "width": 80, "height": 80, "focal_point_key": "2e16d0ba", "image": 10}}, {"model": "wagtailimages.rendition", "pk": 28, "fields": {"filter_spec": "fill-80x80", "file": "images/man2.2e16d0ba.fill-80x80.jpg", "width": 80, "height": 80, "focal_point_key": "2e16d0ba", "image": 11}}, {"model": "wagtailimages.rendition", "pk": 29, "fields": {"filter_spec": "width-80", "file": "images/workman.width-80.jpg", "width": 80, "height": 120, "focal_point_key": "", "image": 8}}, {"model": "wagtailimages.rendition", "pk": 30, "fields": {"filter_spec": "width-80", "file": "images/team3.width-80.png", "width": 80, "height": 77, "focal_point_key": "", "image": 9}}, {"model": "wagtailimages.rendition", "pk": 31, "fields": {"filter_spec": "width-80", "file": "images/team5.width-80.png", "width": 80, "height": 77, "focal_point_key": "", "image": 10}}, {"model": "wagtailimages.rendition", "pk": 32, "fields": {"filter_spec": "width-80", "file": "images/man2.width-80.jpg", "width": 80, "height": 53, "focal_point_key": "", "image": 11}}, {"model": "wagtailimages.rendition", "pk": 33, "fields": {"filter_spec": "max-165x165", "file": "images/man3.max-165x165.jpg", "width": 165, "height": 109, "focal_point_key": "", "image": 12}}, {"model": "wagtailimages.rendition", "pk": 34, "fields": {"filter_spec": "max-165x165", "file": "images/craig-mckay-jmURdhtm7Ng-unsplash.max-165x165.jpg", "width": 113, "height": 165, "focal_point_key": "", "image": 13}}, {"model": "wagtailimages.rendition", "pk": 35, "fields": {"filter_spec": "max-165x165", "file": "images/omid-armin-xOjzehJ49Hk-unsplash.max-165x165.jpg", "width": 129, "height": 165, "focal_point_key": "", "image": 14}}, {"model": "wagtailimages.rendition", "pk": 36, "fields": {"filter_spec": "max-820x800", "file": "images/man3.max-820x800.jpg", "width": 820, "height": 546, "focal_point_key": "", "image": 12}}, {"model": "wagtailimages.rendition", "pk": 37, "fields": {"filter_spec": "max-620x600", "file": "images/man3.max-620x600.jpg", "width": 620, "height": 413, "focal_point_key": "", "image": 12}}, {"model": "wagtailimages.rendition", "pk": 38, "fields": {"filter_spec": "max-720x600", "file": "images/man3.max-720x600.jpg", "width": 720, "height": 479, "focal_point_key": "", "image": 12}}, {"model": "wagtailimages.rendition", "pk": 39, "fields": {"filter_spec": "width-400", "file": "images/team-1.width-400.jpg", "width": 400, "height": 400, "focal_point_key": "", "image": 1}}, {"model": "wagtailimages.rendition", "pk": 40, "fields": {"filter_spec": "width-400", "file": "images/omid-armin-xOjzehJ49Hk-unsplash.width-400.jpg", "width": 400, "height": 508, "focal_point_key": "", "image": 14}}, {"model": "wagtailimages.rendition", "pk": 41, "fields": {"filter_spec": "width-40", "file": "images/team-1.width-40.jpg", "width": 40, "height": 40, "focal_point_key": "", "image": 1}}, {"model": "wagtailimages.rendition", "pk": 42, "fields": {"filter_spec": "width-40", "file": "images/omid-armin-xOjzehJ49Hk-unsplash.width-40.jpg", "width": 40, "height": 50, "focal_point_key": "", "image": 14}}, {"model": "wagtailimages.rendition", "pk": 43, "fields": {"filter_spec": "max-165x165", "file": "images/elena-mozhvilo-j06gLuKK0GM-unsplash.max-165x165.jpg", "width": 133, "height": 165, "focal_point_key": "", "image": 15}}, {"model": "wagtailimages.rendition", "pk": 44, "fields": {"filter_spec": "width-400", "file": "images/elena-mozhvilo-j06gLuKK0GM-unsplash.width-400.jpg", "width": 400, "height": 492, "focal_point_key": "", "image": 15}}, {"model": "wagtailimages.rendition", "pk": 45, "fields": {"filter_spec": "max-165x165", "file": "images/dessidre-fleming-24l8TrLZCVY-unsplash.max-165x165.jpg", "width": 165, "height": 123, "focal_point_key": "", "image": 16}}, {"model": "wagtailimages.rendition", "pk": 46, "fields": {"filter_spec": "width-400", "file": "images/dessidre-fleming-24l8TrLZCVY-unsplash.width-400.jpg", "width": 400, "height": 300, "focal_point_key": "", "image": 16}}, {"model": "wagtailimages.rendition", "pk": 47, "fields": {"filter_spec": "max-165x165", "file": "images/lidia-vi-BMPuBdpjrr8-unsplash.max-165x165.jpg", "width": 165, "height": 110, "focal_point_key": "", "image": 17}}, {"model": "wagtailimages.rendition", "pk": 48, "fields": {"filter_spec": "width-400", "file": "images/lidia-vi-BMPuBdpjrr8-unsplash.width-400.jpg", "width": 400, "height": 266, "focal_point_key": "", "image": 17}}, {"model": "wagtailimages.rendition", "pk": 49, "fields": {"filter_spec": "max-165x165", "file": "images/aziz-acharki-U3C79SeHa7k-unsplash.max-165x165.jpg", "width": 165, "height": 106, "focal_point_key": "", "image": 18}}, {"model": "wagtailimages.rendition", "pk": 50, "fields": {"filter_spec": "width-400", "file": "images/aziz-acharki-U3C79SeHa7k-unsplash.width-400.jpg", "width": 400, "height": 258, "focal_point_key": "", "image": 18}}, {"model": "wagtailimages.rendition", "pk": 51, "fields": {"filter_spec": "max-165x165", "file": "images/prateek-katyal-FxtIWX8Q0J4-unsplash.max-165x165.jpg", "width": 165, "height": 110, "focal_point_key": "", "image": 19}}, {"model": "wagtailimages.rendition", "pk": 52, "fields": {"filter_spec": "width-400", "file": "images/prateek-katyal-FxtIWX8Q0J4-unsplash.width-400.jpg", "width": 400, "height": 266, "focal_point_key": "", "image": 19}}, {"model": "wagtailimages.rendition", "pk": 53, "fields": {"filter_spec": "max-165x165", "file": "images/phoneman.max-165x165.jpg", "width": 165, "height": 110, "focal_point_key": "", "image": 20}}, {"model": "wagtailimages.rendition", "pk": 54, "fields": {"filter_spec": "width-400", "file": "images/phoneman.width-400.jpg", "width": 400, "height": 266, "focal_point_key": "", "image": 20}}, {"model": "wagtailimages.rendition", "pk": 55, "fields": {"filter_spec": "fill-80x80", "file": "images/elena-mozhvilo-j06gLuKK0GM-unsplash.2e16d0ba.fill-80x80.jpg", "width": 80, "height": 80, "focal_point_key": "2e16d0ba", "image": 15}}, {"model": "wagtailimages.rendition", "pk": 56, "fields": {"filter_spec": "fill-80x80", "file": "images/dessidre-fleming-24l8TrLZCVY-unsplas.2e16d0ba.fill-80x80.jpg", "width": 80, "height": 80, "focal_point_key": "2e16d0ba", "image": 16}}, {"model": "wagtailimages.rendition", "pk": 57, "fields": {"filter_spec": "fill-80x80", "file": "images/lidia-vi-BMPuBdpjrr8-unsplash.2e16d0ba.fill-80x80.jpg", "width": 80, "height": 80, "focal_point_key": "2e16d0ba", "image": 17}}, {"model": "wagtailimages.rendition", "pk": 58, "fields": {"filter_spec": "fill-80x80", "file": "images/aziz-acharki-U3C79SeHa7k-unsplash.2e16d0ba.fill-80x80.jpg", "width": 80, "height": 80, "focal_point_key": "2e16d0ba", "image": 18}}, {"model": "wagtailimages.rendition", "pk": 59, "fields": {"filter_spec": "fill-80x80", "file": "images/prateek-katyal-FxtIWX8Q0J4-unsplash.2e16d0ba.fill-80x80.jpg", "width": 80, "height": 80, "focal_point_key": "2e16d0ba", "image": 19}}, {"model": "wagtailimages.rendition", "pk": 60, "fields": {"filter_spec": "fill-80x80", "file": "images/phoneman.2e16d0ba.fill-80x80.jpg", "width": 80, "height": 80, "focal_point_key": "2e16d0ba", "image": 20}}, {"model": "wagtailimages.rendition", "pk": 61, "fields": {"filter_spec": "fill-180x180", "file": "images/elena-mozhvilo-j06gLuKK0GM-unsplas.2e16d0ba.fill-180x180.jpg", "width": 180, "height": 180, "focal_point_key": "2e16d0ba", "image": 15}}, {"model": "wagtailimages.rendition", "pk": 62, "fields": {"filter_spec": "fill-180x180", "file": "images/dessidre-fleming-24l8TrLZCVY-unspl.2e16d0ba.fill-180x180.jpg", "width": 180, "height": 180, "focal_point_key": "2e16d0ba", "image": 16}}, {"model": "wagtailimages.rendition", "pk": 63, "fields": {"filter_spec": "fill-180x180", "file": "images/lidia-vi-BMPuBdpjrr8-unsplash.2e16d0ba.fill-180x180.jpg", "width": 180, "height": 180, "focal_point_key": "2e16d0ba", "image": 17}}, {"model": "wagtailimages.rendition", "pk": 64, "fields": {"filter_spec": "fill-180x180", "file": "images/aziz-acharki-U3C79SeHa7k-unsplash.2e16d0ba.fill-180x180.jpg", "width": 180, "height": 180, "focal_point_key": "2e16d0ba", "image": 18}}, {"model": "wagtailimages.rendition", "pk": 65, "fields": {"filter_spec": "fill-180x180", "file": "images/prateek-katyal-FxtIWX8Q0J4-unsplas.2e16d0ba.fill-180x180.jpg", "width": 180, "height": 180, "focal_point_key": "2e16d0ba", "image": 19}}, {"model": "wagtailimages.rendition", "pk": 66, "fields": {"filter_spec": "fill-180x180", "file": "images/phoneman.2e16d0ba.fill-180x180.jpg", "width": 180, "height": 180, "focal_point_key": "2e16d0ba", "image": 20}}, {"model": "wagtailimages.rendition", "pk": 67, "fields": {"filter_spec": "fill-280x180", "file": "images/elena-mozhvilo-j06gLuKK0GM-unsplas.2e16d0ba.fill-280x180.jpg", "width": 280, "height": 180, "focal_point_key": "2e16d0ba", "image": 15}}, {"model": "wagtailimages.rendition", "pk": 68, "fields": {"filter_spec": "fill-280x180", "file": "images/dessidre-fleming-24l8TrLZCVY-unspl.2e16d0ba.fill-280x180.jpg", "width": 280, "height": 180, "focal_point_key": "2e16d0ba", "image": 16}}, {"model": "wagtailimages.rendition", "pk": 69, "fields": {"filter_spec": "fill-280x180", "file": "images/lidia-vi-BMPuBdpjrr8-unsplash.2e16d0ba.fill-280x180.jpg", "width": 280, "height": 180, "focal_point_key": "2e16d0ba", "image": 17}}, {"model": "wagtailimages.rendition", "pk": 70, "fields": {"filter_spec": "fill-280x180", "file": "images/aziz-acharki-U3C79SeHa7k-unsplash.2e16d0ba.fill-280x180.jpg", "width": 280, "height": 180, "focal_point_key": "2e16d0ba", "image": 18}}, {"model": "wagtailimages.rendition", "pk": 71, "fields": {"filter_spec": "fill-280x180", "file": "images/prateek-katyal-FxtIWX8Q0J4-unsplas.2e16d0ba.fill-280x180.jpg", "width": 280, "height": 180, "focal_point_key": "2e16d0ba", "image": 19}}, {"model": "wagtailimages.rendition", "pk": 72, "fields": {"filter_spec": "fill-280x180", "file": "images/phoneman.2e16d0ba.fill-280x180.jpg", "width": 280, "height": 180, "focal_point_key": "2e16d0ba", "image": 20}}, {"model": "wagtailimages.rendition", "pk": 73, "fields": {"filter_spec": "max-165x165", "file": "images/daniel-thomas-gWlBxOAgXgQ-unsplash.max-165x165.jpg", "width": 165, "height": 109, "focal_point_key": "", "image": 21}}, {"model": "wagtailimages.rendition", "pk": 74, "fields": {"filter_spec": "width-400", "file": "images/daniel-thomas-gWlBxOAgXgQ-unsplash.width-400.jpg", "width": 400, "height": 266, "focal_point_key": "", "image": 21}}, {"model": "wagtailimages.rendition", "pk": 75, "fields": {"filter_spec": "max-165x165", "file": "images/man.max-165x165.jpg", "width": 110, "height": 165, "focal_point_key": "", "image": 22}}, {"model": "wagtailimages.rendition", "pk": 76, "fields": {"filter_spec": "fill-80x80", "file": "images/man.2e16d0ba.fill-80x80.jpg", "width": 80, "height": 80, "focal_point_key": "2e16d0ba", "image": 22}}, {"model": "wagtailimages.rendition", "pk": 77, "fields": {"filter_spec": "fill-180x180", "file": "images/man.2e16d0ba.fill-180x180.jpg", "width": 180, "height": 180, "focal_point_key": "2e16d0ba", "image": 22}}, {"model": "wagtailimages.rendition", "pk": 78, "fields": {"filter_spec": "fill-1080x1080", "file": "images/man.2e16d0ba.fill-1080x1080.jpg", "width": 1080, "height": 1080, "focal_point_key": "2e16d0ba", "image": 22}}, {"model": "wagtailimages.rendition", "pk": 79, "fields": {"filter_spec": "fill-1000x800", "file": "images/man.2e16d0ba.fill-1000x800.jpg", "width": 1000, "height": 800, "focal_point_key": "2e16d0ba", "image": 22}}, {"model": "wagtailimages.rendition", "pk": 80, "fields": {"filter_spec": "fill-900x800", "file": "images/man.2e16d0ba.fill-900x800.jpg", "width": 900, "height": 800, "focal_point_key": "2e16d0ba", "image": 22}}, {"model": "wagtailimages.rendition", "pk": 81, "fields": {"filter_spec": "fill-900x600", "file": "images/man.2e16d0ba.fill-900x600.jpg", "width": 900, "height": 600, "focal_point_key": "2e16d0ba", "image": 22}}, {"model": "wagtailimages.rendition", "pk": 82, "fields": {"filter_spec": "fill-600x800", "file": "images/man.2e16d0ba.fill-600x800.jpg", "width": 600, "height": 800, "focal_point_key": "2e16d0ba", "image": 22}}, {"model": "wagtailsearch.indexentry", "pk": 1, "fields": {"autocomplete": "Home", "title": "Home", "body": ""}}, {"model": "wagtailsearch.indexentry", "pk": 2, "fields": {"autocomplete": "team-1", "title": "team-1", "body": ""}}, {"model": "wagtailsearch.indexentry", "pk": 3, "fields": {"autocomplete": "career", "title": "career", "body": ""}}, {"model": "wagtailsearch.indexentry", "pk": 4, "fields": {"autocomplete": "ent", "title": "ent", "body": ""}}, {"model": "wagtailsearch.indexentry", "pk": 5, "fields": {"autocomplete": "Budget", "title": "Budget", "body": ""}}, {"model": "wagtailsearch.indexentry", "pk": 6, "fields": {"autocomplete": "worklife", "title": "worklife", "body": ""}}, {"model": "wagtailsearch.indexentry", "pk": 7, "fields": {"autocomplete": "decision", "title": "decision", "body": ""}}, {"model": "wagtailsearch.indexentry", "pk": 8, "fields": {"autocomplete": "coa", "title": "coa", "body": ""}}, {"model": "wagtailsearch.indexentry", "pk": 9, "fields": {"autocomplete": "workman", "title": "workman", "body": ""}}, {"model": "wagtailsearch.indexentry", "pk": 10, "fields": {"autocomplete": "team3", "title": "team3", "body": ""}}, {"model": "wagtailsearch.indexentry", "pk": 11, "fields": {"autocomplete": "team5", "title": "team5", "body": ""}}, {"model": "wagtailsearch.indexentry", "pk": 12, "fields": {"autocomplete": "man2", "title": "man2", "body": ""}}, {"model": "wagtailsearch.indexentry", "pk": 13, "fields": {"autocomplete": "man3", "title": "man3", "body": ""}}, {"model": "wagtailsearch.indexentry", "pk": 14, "fields": {"autocomplete": "craig-mckay-jmURdhtm7Ng-unsplash", "title": "craig-mckay-jmURdhtm7Ng-unsplash", "body": ""}}, {"model": "wagtailsearch.indexentry", "pk": 15, "fields": {"autocomplete": "omid-armin-xOjzehJ49Hk-unsplash", "title": "omid-armin-xOjzehJ49Hk-unsplash", "body": ""}}, {"model": "wagtailsearch.indexentry", "pk": 16, "fields": {"autocomplete": "blog", "title": "blog", "body": ""}}, {"model": "wagtailsearch.indexentry", "pk": 17, "fields": {"autocomplete": "About", "title": "About", "body": ""}}, {"model": "wagtailsearch.indexentry", "pk": 18, "fields": {"autocomplete": "elena-mozhvilo-j06gLuKK0GM-unsplash", "title": "elena-mozhvilo-j06gLuKK0GM-unsplash", "body": ""}}, {"model": "wagtailsearch.indexentry", "pk": 19, "fields": {"autocomplete": "Blog post", "title": "Blog post", "body": ""}}, {"model": "wagtailsearch.indexentry", "pk": 20, "fields": {"autocomplete": "dessidre-fleming-24l8TrLZCVY-unsplash", "title": "dessidre-fleming-24l8TrLZCVY-unsplash", "body": ""}}, {"model": "wagtailsearch.indexentry", "pk": 21, "fields": {"autocomplete": "Blog post 2", "title": "Blog post 2", "body": ""}}, {"model": "wagtailsearch.indexentry", "pk": 22, "fields": {"autocomplete": "lidia-vi-BMPuBdpjrr8-unsplash", "title": "lidia-vi-BMPuBdpjrr8-unsplash", "body": ""}}, {"model": "wagtailsearch.indexentry", "pk": 23, "fields": {"autocomplete": "Blog post 3", "title": "Blog post 3", "body": ""}}, {"model": "wagtailsearch.indexentry", "pk": 24, "fields": {"autocomplete": "aziz-acharki-U3C79SeHa7k-unsplash", "title": "aziz-acharki-U3C79SeHa7k-unsplash", "body": ""}}, {"model": "wagtailsearch.indexentry", "pk": 25, "fields": {"autocomplete": "Blog post 4", "title": "Blog post 4", "body": ""}}, {"model": "wagtailsearch.indexentry", "pk": 26, "fields": {"autocomplete": "prateek-katyal-FxtIWX8Q0J4-unsplash", "title": "prateek-katyal-FxtIWX8Q0J4-unsplash", "body": ""}}, {"model": "wagtailsearch.indexentry", "pk": 27, "fields": {"autocomplete": "Blog post 5", "title": "Blog post 5", "body": ""}}, {"model": "wagtailsearch.indexentry", "pk": 28, "fields": {"autocomplete": "phoneman", "title": "phoneman", "body": ""}}, {"model": "wagtailsearch.indexentry", "pk": 29, "fields": {"autocomplete": "Blog post 6", "title": "Blog post 6", "body": ""}}, {"model": "wagtailsearch.indexentry", "pk": 30, "fields": {"autocomplete": "daniel-thomas-gWlBxOAgXgQ-unsplash", "title": "daniel-thomas-gWlBxOAgXgQ-unsplash", "body": ""}}, {"model": "wagtailsearch.indexentry", "pk": 31, "fields": {"autocomplete": "Service 1", "title": "Service 1", "body": ""}}, {"model": "wagtailsearch.indexentry", "pk": 32, "fields": {"autocomplete": "Contact Form", "title": "Contact Form", "body": ""}}, {"model": "wagtailsearch.indexentry", "pk": 33, "fields": {"autocomplete": "services", "title": "services", "body": ""}}, {"model": "wagtailsearch.indexentry", "pk": 34, "fields": {"autocomplete": "Service 2", "title": "Service 2", "body": ""}}, {"model": "wagtailsearch.indexentry", "pk": 35, "fields": {"autocomplete": "man", "title": "man", "body": ""}}, {"model": "wagtailsearch.indexentry", "pk": 1, "fields": {"content_type": 2, "object_id": "3", "title_norm": 1.25, "autocomplete": "Home", "title": "Home", "body": ""}}, {"model": "wagtailsearch.indexentry", "pk": 2, "fields": {"content_type": 6, "object_id": "1", "title_norm": 0.8333333333333334, "autocomplete": "team-1", "title": "team-1", "body": ""}}, {"model": "wagtailsearch.indexentry", "pk": 3, "fields": {"content_type": 6, "object_id": "2", "title_norm": 0.8888888888888888, "autocomplete": "career", "title": "career", "body": ""}}, {"model": "wagtailsearch.indexentry", "pk": 4, "fields": {"content_type": 6, "object_id": "3", "title_norm": 1.5833333333333333, "autocomplete": "ent", "title": "ent", "body": ""}}, {"model": "wagtailsearch.indexentry", "pk": 5, "fields": {"content_type": 6, "object_id": "4", "title_norm": 0.8333333333333334, "autocomplete": "Budget", "title": "Budget", "body": ""}}, {"model": "wagtailsearch.indexentry", "pk": 6, "fields": {"content_type": 6, "object_id": "5", "title_norm": 0.6875, "autocomplete": "worklife", "title": "worklife", "body": ""}}, {"model": "wagtailsearch.indexentry", "pk": 7, "fields": {"content_type": 6, "object_id": "6", "title_norm": 0.7321428571428571, "autocomplete": "decision", "title": "decision", "body": ""}}, {"model": "wagtailsearch.indexentry", "pk": 8, "fields": {"content_type": 6, "object_id": "7", "title_norm": 1.8333333333333333, "autocomplete": "coa", "title": "coa", "body": ""}}, {"model": "wagtailsearch.indexentry", "pk": 9, "fields": {"content_type": 6, "object_id": "8", "title_norm": 0.8095238095238095, "autocomplete": "workman", "title": "workman", "body": ""}}, {"model": "wagtailsearch.indexentry", "pk": 10, "fields": {"content_type": 6, "object_id": "9", "title_norm": 1.1199999999999999, "autocomplete": "team3", "title": "team3", "body": ""}}, {"model": "wagtailsearch.indexentry", "pk": 11, "fields": {"content_type": 6, "object_id": "10", "title_norm": 1.1090909090909091, "autocomplete": "team5", "title": "team5", "body": ""}}, {"model": "wagtailsearch.indexentry", "pk": 12, "fields": {"content_type": 6, "object_id": "11", "title_norm": 1.3541666666666667, "autocomplete": "man2", "title": "man2", "body": ""}}, {"model": "wagtailsearch.indexentry", "pk": 13, "fields": {"content_type": 6, "object_id": "12", "title_norm": 1.3269230769230769, "autocomplete": "man3", "title": "man3", "body": ""}}, {"model": "wagtailsearch.indexentry", "pk": 14, "fields": {"content_type": 6, "object_id": "13", "title_norm": 0.22544642857142858, "autocomplete": "craig-mckay-jmURdhtm7Ng-unsplash", "title": "craig-mckay-jmURdhtm7Ng-unsplash", "body": ""}}, {"model": "wagtailsearch.indexentry", "pk": 15, "fields": {"content_type": 6, "object_id": "14", "title_norm": 0.2838709677419355, "autocomplete": "omid-armin-xOjzehJ49Hk-unsplash", "title": "omid-armin-xOjzehJ49Hk-unsplash", "body": ""}}, {"model": "wagtailsearch.indexentry", "pk": 16, "fields": {"content_type": 48, "object_id": "4", "title_norm": 2.125, "autocomplete": "blog", "title": "blog", "body": ""}}, {"model": "wagtailsearch.indexentry", "pk": 17, "fields": {"content_type": 47, "object_id": "5", "title_norm": 1.6588235294117648, "autocomplete": "About", "title": "About", "body": ""}}, {"model": "wagtailsearch.indexentry", "pk": 18, "fields": {"content_type": 6, "object_id": "15", "title_norm": 0.27936507936507937, "autocomplete": "elena-mozhvilo-j06gLuKK0GM-unsplash", "title": "elena-mozhvilo-j06gLuKK0GM-unsplash", "body": ""}}, {"model": "wagtailsearch.indexentry", "pk": 19, "fields": {"content_type": 49, "object_id": "6", "title_norm": 1.0818713450292397, "autocomplete": "Blog post", "title": "Blog post", "body": ""}}, {"model": "wagtailsearch.indexentry", "pk": 20, "fields": {"content_type": 6, "object_id": "16", "title_norm": 0.3, "autocomplete": "dessidre-fleming-24l8TrLZCVY-unsplash", "title": "dessidre-fleming-24l8TrLZCVY-unsplash", "body": ""}}, {"model": "wagtailsearch.indexentry", "pk": 21, "fields": {"content_type": 49, "object_id": "7", "title_norm": 1.0086580086580086, "autocomplete": "Blog post 2", "title": "Blog post 2", "body": ""}}, {"model": "wagtailsearch.indexentry", "pk": 22, "fields": {"content_type": 6, "object_id": "17", "title_norm": 0.4106583072100313, "autocomplete": "lidia-vi-BMPuBdpjrr8-unsplash", "title": "lidia-vi-BMPuBdpjrr8-unsplash", "body": ""}}, {"model": "wagtailsearch.indexentry", "pk": 23, "fields": {"content_type": 49, "object_id": "8", "title_norm": 1.0790513833992095, "autocomplete": "Blog post 3", "title": "Blog post 3", "body": ""}}, {"model": "wagtailsearch.indexentry", "pk": 24, "fields": {"content_type": 6, "object_id": "18", "title_norm": 0.38636363636363635, "autocomplete": "aziz-acharki-U3C79SeHa7k-unsplash", "title": "aziz-acharki-U3C79SeHa7k-unsplash", "body": ""}}, {"model": "wagtailsearch.indexentry", "pk": 25, "fields": {"content_type": 49, "object_id": "9", "title_norm": 1.1527272727272726, "autocomplete": "Blog post 4", "title": "Blog post 4", "body": ""}}, {"model": "wagtailsearch.indexentry", "pk": 26, "fields": {"content_type": 6, "object_id": "19", "title_norm": 0.3868131868131868, "autocomplete": "prateek-katyal-FxtIWX8Q0J4-unsplash", "title": "prateek-katyal-FxtIWX8Q0J4-unsplash", "body": ""}}, {"model": "wagtailsearch.indexentry", "pk": 27, "fields": {"content_type": 49, "object_id": "10", "title_norm": 1.2222222222222223, "autocomplete": "Blog post 5", "title": "Blog post 5", "body": ""}}, {"model": "wagtailsearch.indexentry", "pk": 28, "fields": {"content_type": 6, "object_id": "20", "title_norm": 1.65625, "autocomplete": "phoneman", "title": "phoneman", "body": ""}}, {"model": "wagtailsearch.indexentry", "pk": 29, "fields": {"content_type": 49, "object_id": "11", "title_norm": 1.1974921630094044, "autocomplete": "Blog post 6", "title": "Blog post 6", "body": ""}}, {"model": "wagtailsearch.indexentry", "pk": 30, "fields": {"content_type": 6, "object_id": "21", "title_norm": 0.40784313725490196, "autocomplete": "daniel-thomas-gWlBxOAgXgQ-unsplash", "title": "daniel-thomas-gWlBxOAgXgQ-unsplash", "body": ""}}, {"model": "wagtailsearch.indexentry", "pk": 31, "fields": {"content_type": 50, "object_id": "12", "title_norm": 1.5232974910394264, "autocomplete": "Service 1", "title": "Service 1", "body": ""}}, {"model": "wagtailsearch.indexentry", "pk": 32, "fields": {"content_type": 52, "object_id": "13", "title_norm": 1.359375, "autocomplete": "Contact Form", "title": "Contact Form", "body": ""}}, {"model": "wagtailsearch.indexentry", "pk": 33, "fields": {"content_type": 56, "object_id": "14", "title_norm": 1.6856060606060606, "autocomplete": "services", "title": "services", "body": ""}}, {"model": "wagtailsearch.indexentry", "pk": 34, "fields": {"content_type": 50, "object_id": "15", "title_norm": 1.4836601307189543, "autocomplete": "Service 2", "title": "Service 2", "body": ""}}, {"model": "wagtailsearch.indexentry", "pk": 35, "fields": {"content_type": 6, "object_id": "22", "title_norm": 4.352380952380952, "autocomplete": "man", "title": "man", "body": ""}}, {"model": "wagtailcore.locale", "pk": 1, "fields": {"language_code": "en"}}, {"model": "wagtailcore.site", "pk": 2, "fields": {"hostname": "localhost", "port": 80, "site_name": "", "root_page": 3, "is_default_site": true}}, {"model": "wagtailcore.modellogentry", "pk": 1, "fields": {"content_type": 55, "label": "Menu", "action": "wagtail.create", "data": {}, "timestamp": "2022-09-28T12:30:32.546Z", "uuid": "db3c570d-ed6a-4b5d-91a7-e681cc48db5d", "user": 1, "revision": null, "content_changed": true, "deleted": false, "object_id": "1"}}, {"model": "wagtailcore.modellogentry", "pk": 2, "fields": {"content_type": 55, "label": "Top menu", "action": "wagtail.edit", "data": {}, "timestamp": "2022-09-28T12:32:00.198Z", "uuid": "dc686881-87ae-48be-94eb-4e04a025720a", "user": 1, "revision": null, "content_changed": true, "deleted": false, "object_id": "1"}}, {"model": "wagtailcore.modellogentry", "pk": 3, "fields": {"content_type": 55, "label": "Top menu", "action": "wagtail.edit", "data": {}, "timestamp": "2022-09-28T12:39:11.730Z", "uuid": "266c2257-9628-4b4a-a202-2146fa1e8471", "user": 1, "revision": null, "content_changed": true, "deleted": false, "object_id": "1"}}, {"model": "wagtailcore.modellogentry", "pk": 4, "fields": {"content_type": 55, "label": "Top menu", "action": "wagtail.edit", "data": {}, "timestamp": "2022-09-28T12:51:59.644Z", "uuid": "46e2accd-757b-4c7e-9854-1211dec54905", "user": 1, "revision": null, "content_changed": true, "deleted": false, "object_id": "1"}}, {"model": "wagtailcore.modellogentry", "pk": 5, "fields": {"content_type": 55, "label": "Top menu", "action": "wagtail.edit", "data": {}, "timestamp": "2022-09-28T13:11:35.860Z", "uuid": "b5971818-e457-4301-a362-fe21d02fa664", "user": 1, "revision": null, "content_changed": false, "deleted": false, "object_id": "1"}}, {"model": "wagtailcore.collection", "pk": 1, "fields": {"path": "0001", "depth": 1, "numchild": 0, "name": "Root"}}, {"model": "wagtailcore.groupcollectionpermission", "pk": 1, "fields": {"group": 2, "collection": 1, "permission": 2}}, {"model": "wagtailcore.groupcollectionpermission", "pk": 2, "fields": {"group": 1, "collection": 1, "permission": 2}}, {"model": "wagtailcore.groupcollectionpermission", "pk": 3, "fields": {"group": 2, "collection": 1, "permission": 3}}, {"model": "wagtailcore.groupcollectionpermission", "pk": 4, "fields": {"group": 1, "collection": 1, "permission": 3}}, {"model": "wagtailcore.groupcollectionpermission", "pk": 5, "fields": {"group": 2, "collection": 1, "permission": 5}}, {"model": "wagtailcore.groupcollectionpermission", "pk": 6, "fields": {"group": 1, "collection": 1, "permission": 5}}, {"model": "wagtailcore.groupcollectionpermission", "pk": 7, "fields": {"group": 2, "collection": 1, "permission": 6}}, {"model": "wagtailcore.groupcollectionpermission", "pk": 8, "fields": {"group": 1, "collection": 1, "permission": 6}}, {"model": "wagtailcore.groupcollectionpermission", "pk": 9, "fields": {"group": 2, "collection": 1, "permission": 7}}, {"model": "wagtailcore.groupcollectionpermission", "pk": 10, "fields": {"group": 1, "collection": 1, "permission": 7}}, {"model": "wagtailcore.groupcollectionpermission", "pk": 11, "fields": {"group": 2, "collection": 1, "permission": 9}}, {"model": "wagtailcore.groupcollectionpermission", "pk": 12, "fields": {"group": 1, "collection": 1, "permission": 9}}, {"model": "wagtailcore.page", "pk": 1, "fields": {"path": "0001", "depth": 1, "numchild": 1, "translation_key": "ee8918e8-bb3d-4d53-ae44-e98c70b8d7db", "locale": 1, "latest_revision": null, "live": true, "has_unpublished_changes": false, "first_published_at": null, "last_published_at": null, "live_revision": null, "go_live_at": null, "expire_at": null, "expired": false, "locked": false, "locked_at": null, "locked_by": null, "title": "Root", "draft_title": "Root", "slug": "root", "content_type": 1, "url_path": "/", "owner": null, "seo_title": "", "show_in_menus": false, "search_description": "", "latest_revision_created_at": null, "alias_of": null}}, {"model": "wagtailcore.page", "pk": 3, "fields": {"path": "00010001", "depth": 2, "numchild": 5, "translation_key": "7a291573-6dcb-4d57-becd-5e74cfbdebdd", "locale": 1, "latest_revision": 42, "live": true, "has_unpublished_changes": false, "first_published_at": "2022-09-22T07:54:59.235Z", "last_published_at": "2022-10-16T08:15:38.596Z", "live_revision": 42, "go_live_at": null, "expire_at": null, "expired": false, "locked": false, "locked_at": null, "locked_by": null, "title": "Home", "draft_title": "Home", "slug": "home", "content_type": 2, "url_path": "/home/", "owner": null, "seo_title": "", "show_in_menus": false, "search_description": "", "latest_revision_created_at": "2022-10-16T08:15:38.551Z", "alias_of": null}}, {"model": "wagtailcore.page", "pk": 4, "fields": {"path": "000100010001", "depth": 3, "numchild": 6, "translation_key": "4f2f9b96-3167-4780-a30a-541079f57f9b", "locale": 1, "latest_revision": 15, "live": true, "has_unpublished_changes": false, "first_published_at": "2022-09-27T07:37:41.784Z", "last_published_at": "2022-09-27T11:33:13.318Z", "live_revision": 15, "go_live_at": null, "expire_at": null, "expired": false, "locked": false, "locked_at": null, "locked_by": null, "title": "blog", "draft_title": "blog", "slug": "blog", "content_type": 48, "url_path": "/home/blog/", "owner": 1, "seo_title": "", "show_in_menus": false, "search_description": "", "latest_revision_created_at": "2022-09-27T11:33:13.249Z", "alias_of": null}}, {"model": "wagtailcore.page", "pk": 5, "fields": {"path": "000100010002", "depth": 3, "numchild": 0, "translation_key": "c9de372d-7416-4bcf-89de-39d518f3b701", "locale": 1, "latest_revision": 33, "live": true, "has_unpublished_changes": false, "first_published_at": "2022-09-28T13:17:04.144Z", "last_published_at": "2022-09-28T13:17:04.144Z", "live_revision": 33, "go_live_at": null, "expire_at": null, "expired": false, "locked": false, "locked_at": null, "locked_by": null, "title": "About", "draft_title": "About", "slug": "about", "content_type": 47, "url_path": "/home/about/", "owner": 1, "seo_title": "", "show_in_menus": false, "search_description": "", "latest_revision_created_at": "2022-09-28T13:17:04.120Z", "alias_of": null}}, {"model": "wagtailcore.page", "pk": 6, "fields": {"path": "0001000100010001", "depth": 4, "numchild": 0, "translation_key": "904f9140-90f8-44f8-9a41-d3903ef70521", "locale": 1, "latest_revision": 17, "live": true, "has_unpublished_changes": true, "first_published_at": "2022-09-27T11:45:09.125Z", "last_published_at": "2022-09-27T11:45:09.125Z", "live_revision": 16, "go_live_at": null, "expire_at": null, "expired": false, "locked": false, "locked_at": null, "locked_by": null, "title": "Blog post", "draft_title": "Blog post 1", "slug": "blog-post", "content_type": 49, "url_path": "/home/blog/blog-post/", "owner": 1, "seo_title": "", "show_in_menus": false, "search_description": "", "latest_revision_created_at": "2022-09-27T11:45:53.920Z", "alias_of": null}}, {"model": "wagtailcore.page", "pk": 7, "fields": {"path": "0001000100010002", "depth": 4, "numchild": 0, "translation_key": "d5e518ed-8f47-4638-b7e2-25cb3bda2a51", "locale": 1, "latest_revision": 35, "live": true, "has_unpublished_changes": false, "first_published_at": "2022-09-28T14:49:12.453Z", "last_published_at": "2022-09-28T14:49:12.453Z", "live_revision": 35, "go_live_at": null, "expire_at": null, "expired": false, "locked": false, "locked_at": null, "locked_by": null, "title": "Blog post 2", "draft_title": "Blog post 2", "slug": "blog-post-2", "content_type": 49, "url_path": "/home/blog/blog-post-2/", "owner": 1, "seo_title": "", "show_in_menus": false, "search_description": "", "latest_revision_created_at": "2022-09-28T14:49:12.430Z", "alias_of": null}}, {"model": "wagtailcore.page", "pk": 8, "fields": {"path": "0001000100010003", "depth": 4, "numchild": 0, "translation_key": "d0267af6-c973-467e-82f7-0c9e56ad304c", "locale": 1, "latest_revision": 36, "live": true, "has_unpublished_changes": false, "first_published_at": "2022-09-28T14:49:20.655Z", "last_published_at": "2022-09-28T14:49:20.655Z", "live_revision": 36, "go_live_at": null, "expire_at": null, "expired": false, "locked": false, "locked_at": null, "locked_by": null, "title": "Blog post 3", "draft_title": "Blog post 3", "slug": "blog-post-3", "content_type": 49, "url_path": "/home/blog/blog-post-3/", "owner": 1, "seo_title": "", "show_in_menus": false, "search_description": "", "latest_revision_created_at": "2022-09-28T14:49:20.633Z", "alias_of": null}}, {"model": "wagtailcore.page", "pk": 9, "fields": {"path": "0001000100010004", "depth": 4, "numchild": 0, "translation_key": "89f58cd8-3616-4a3a-8fb1-051ac0569da2", "locale": 1, "latest_revision": 37, "live": true, "has_unpublished_changes": false, "first_published_at": "2022-09-28T14:49:26.247Z", "last_published_at": "2022-09-28T14:49:26.247Z", "live_revision": 37, "go_live_at": null, "expire_at": null, "expired": false, "locked": false, "locked_at": null, "locked_by": null, "title": "Blog post 4", "draft_title": "Blog post 4", "slug": "blog-post-4", "content_type": 49, "url_path": "/home/blog/blog-post-4/", "owner": 1, "seo_title": "", "show_in_menus": false, "search_description": "", "latest_revision_created_at": "2022-09-28T14:49:26.226Z", "alias_of": null}}, {"model": "wagtailcore.page", "pk": 10, "fields": {"path": "0001000100010005", "depth": 4, "numchild": 0, "translation_key": "7e6ec78b-23c2-485e-b12f-3342568aad1e", "locale": 1, "latest_revision": 38, "live": true, "has_unpublished_changes": false, "first_published_at": "2022-09-28T14:49:32.615Z", "last_published_at": "2022-09-28T14:49:32.615Z", "live_revision": 38, "go_live_at": null, "expire_at": null, "expired": false, "locked": false, "locked_at": null, "locked_by": null, "title": "Blog post 5", "draft_title": "Blog post 5", "slug": "blog-post-5", "content_type": 49, "url_path": "/home/blog/blog-post-5/", "owner": 1, "seo_title": "", "show_in_menus": false, "search_description": "", "latest_revision_created_at": "2022-09-28T14:49:32.595Z", "alias_of": null}}, {"model": "wagtailcore.page", "pk": 11, "fields": {"path": "0001000100010006", "depth": 4, "numchild": 0, "translation_key": "7bdeb8c9-1269-490c-b60c-6717a66a59c4", "locale": 1, "latest_revision": 39, "live": true, "has_unpublished_changes": false, "first_published_at": "2022-09-28T14:49:38.036Z", "last_published_at": "2022-09-28T14:49:38.036Z", "live_revision": 39, "go_live_at": null, "expire_at": null, "expired": false, "locked": false, "locked_at": null, "locked_by": null, "title": "Blog post 6", "draft_title": "Blog post 6", "slug": "blog-post-6", "content_type": 49, "url_path": "/home/blog/blog-post-6/", "owner": 1, "seo_title": "", "show_in_menus": false, "search_description": "", "latest_revision_created_at": "2022-09-28T14:49:38.015Z", "alias_of": null}}, {"model": "wagtailcore.page", "pk": 12, "fields": {"path": "0001000100050001", "depth": 4, "numchild": 0, "translation_key": "eda8a1ee-9284-4b44-a46f-c30afd3beed7", "locale": 1, "latest_revision": 25, "live": true, "has_unpublished_changes": false, "first_published_at": "2022-09-27T12:52:55.434Z", "last_published_at": "2022-09-27T13:02:48.817Z", "live_revision": 25, "go_live_at": null, "expire_at": null, "expired": false, "locked": false, "locked_at": null, "locked_by": null, "title": "Service 1", "draft_title": "Service 1", "slug": "service-1", "content_type": 50, "url_path": "/home/services/service-1/", "owner": 1, "seo_title": "", "show_in_menus": false, "search_description": "", "latest_revision_created_at": "2022-09-27T13:02:48.787Z", "alias_of": null}}, {"model": "wagtailcore.page", "pk": 13, "fields": {"path": "000100010004", "depth": 3, "numchild": 0, "translation_key": "1bff6dd7-e148-4bc5-826f-1e455c0e03d7", "locale": 1, "latest_revision": 32, "live": true, "has_unpublished_changes": false, "first_published_at": "2022-09-27T13:55:13.315Z", "last_published_at": "2022-09-28T13:16:15.593Z", "live_revision": 32, "go_live_at": null, "expire_at": null, "expired": false, "locked": false, "locked_at": null, "locked_by": null, "title": "Contact Form", "draft_title": "Contact Form", "slug": "contact-us", "content_type": 52, "url_path": "/home/contact-us/", "owner": 1, "seo_title": "", "show_in_menus": false, "search_description": "", "latest_revision_created_at": "2022-09-28T13:16:15.562Z", "alias_of": null}}, {"model": "wagtailcore.page", "pk": 14, "fields": {"path": "000100010005", "depth": 3, "numchild": 2, "translation_key": "57fd85b5-3499-4303-8474-bd46f493f70f", "locale": 1, "latest_revision": 40, "live": true, "has_unpublished_changes": false, "first_published_at": "2022-10-15T16:51:46.468Z", "last_published_at": "2022-10-15T16:51:46.468Z", "live_revision": 40, "go_live_at": null, "expire_at": null, "expired": false, "locked": false, "locked_at": null, "locked_by": null, "title": "services", "draft_title": "services", "slug": "services", "content_type": 56, "url_path": "/home/services/", "owner": 1, "seo_title": "", "show_in_menus": false, "search_description": "", "latest_revision_created_at": "2022-10-15T16:51:46.451Z", "alias_of": null}}, {"model": "wagtailcore.page", "pk": 15, "fields": {"path": "0001000100050002", "depth": 4, "numchild": 0, "translation_key": "db7c0ec8-f700-4091-91a4-0de6a95410ee", "locale": 1, "latest_revision": 41, "live": true, "has_unpublished_changes": false, "first_published_at": "2022-10-15T17:05:45.649Z", "last_published_at": "2022-10-15T17:05:45.649Z", "live_revision": 41, "go_live_at": null, "expire_at": null, "expired": false, "locked": false, "locked_at": null, "locked_by": null, "title": "Service 2", "draft_title": "Service 2", "slug": "service-2", "content_type": 50, "url_path": "/home/services/service-2/", "owner": 1, "seo_title": "", "show_in_menus": false, "search_description": "", "latest_revision_created_at": "2022-10-15T17:05:45.624Z", "alias_of": null}}, {"model": "wagtailcore.revision", "pk": 1, "fields": {"content_type": 2, "base_content_type": 1, "object_id": "3", "submitted_for_moderation": false, "created_at": "2022-09-22T07:54:59.142Z", "user": 1, "object_str": "Home", "content": {"pk": 3, "path": "00010001", "depth": 2, "numchild": 0, "translation_key": "7a291573-6dcb-4d57-becd-5e74cfbdebdd", "locale": 1, "latest_revision": null, "live": true, "has_unpublished_changes": false, "first_published_at": null, "last_published_at": null, "live_revision": null, "go_live_at": null, "expire_at": null, "expired": false, "locked": false, "locked_at": null, "locked_by": null, "title": "Home", "draft_title": "Home", "slug": "home", "content_type": 2, "url_path": "/home/", "owner": null, "seo_title": "", "show_in_menus": false, "search_description": "", "latest_revision_created_at": null, "alias_of": null, "b_image": null, "head_msg": "Professional Life Coaching with Vincent", "head_body": "<p data-block-key=\"zx9zm\">Professional Life coach and advisor</p>", "head_btn_link": "Free Consultation", "contact_phone": "256774559687", "contact_email": "ojaravincent5@gmail.com", "contact_location": "Kampala, Uganda", "wagtail_admin_comments": []}, "approved_go_live_at": null}}, {"model": "wagtailcore.revision", "pk": 2, "fields": {"content_type": 2, "base_content_type": 1, "object_id": "3", "submitted_for_moderation": false, "created_at": "2022-09-22T13:16:53.183Z", "user": 1, "object_str": "Home", "content": {"pk": 3, "path": "00010001", "depth": 2, "numchild": 0, "translation_key": "7a291573-6dcb-4d57-becd-5e74cfbdebdd", "locale": 1, "latest_revision": 1, "live": true, "has_unpublished_changes": false, "first_published_at": "2022-09-22T07:54:59.235Z", "last_published_at": "2022-09-22T07:54:59.235Z", "live_revision": 1, "go_live_at": null, "expire_at": null, "expired": false, "locked": false, "locked_at": null, "locked_by": null, "title": "Home", "draft_title": "Home", "slug": "home", "content_type": 2, "url_path": "/home/", "owner": null, "seo_title": "", "show_in_menus": false, "search_description": "", "latest_revision_created_at": "2022-09-22T07:54:59.142Z", "alias_of": null, "b_image": null, "head_msg": "Professional Life Coaching with Vincent", "head_body": "<p data-block-key=\"zx9zm\">Professional Life coach and advisor</p>", "head_btn_link": "Free Consultation", "description": "<p data-block-key=\"v77ve\">Hello world</p>", "info": "<p data-block-key=\"uz3hg\">Hello world</p>", "link": "Hello world", "photo": 1, "name": "Vincent Oj", "details": "<p data-block-key=\"9mdlc\">CEO</p>", "blog_feature": null, "contact_phone": "256774559687", "contact_email": "ojaravincent5@gmail.com", "contact_location": "Kampala, Uganda", "wagtail_admin_comments": [], "our_prices": [{"pk": null, "sort_order": 0, "page": 3, "price_type": "Basic", "price": "Ushs 50,000/=", "basis": "per hour", "breakdown": "<p data-block-key=\"feeov\">One-on-one zoom meeting<br/>1 exercise<br/>Medical prescription if needed<br/>1 followup session free</p>", "order_link": "Book Now"}, {"pk": null, "sort_order": 1, "page": 3, "price_type": "Group", "price": "Ushs 250,000/=", "basis": "per hour (1-5 people)", "breakdown": "<p data-block-key=\"feeov\">One-on-one zoom meeting<br/>1 exercise per person<br/>Medical prescription if needed<br/>1 followup physical free</p>", "order_link": "Book Now"}, {"pk": null, "sort_order": 2, "page": 3, "price_type": "Premium -Single", "price": "Ushs 150,000", "basis": "per hour", "breakdown": "<p data-block-key=\"feeov\">Physical meeting<br/>3 exercise<br/>Medical prescription if needed<br/>2 followup session free</p><p data-block-key=\"2364v\">A free e-book</p>", "order_link": "Book Now"}]}, "approved_go_live_at": null}}, {"model": "wagtailcore.revision", "pk": 3, "fields": {"content_type": 2, "base_content_type": 1, "object_id": "3", "submitted_for_moderation": false, "created_at": "2022-09-22T13:17:52.675Z", "user": 1, "object_str": "Home", "content": {"pk": 3, "path": "00010001", "depth": 2, "numchild": 0, "translation_key": "7a291573-6dcb-4d57-becd-5e74cfbdebdd", "locale": 1, "latest_revision": 2, "live": true, "has_unpublished_changes": true, "first_published_at": "2022-09-22T07:54:59.235Z", "last_published_at": "2022-09-22T07:54:59.235Z", "live_revision": 1, "go_live_at": null, "expire_at": null, "expired": false, "locked": false, "locked_at": null, "locked_by": null, "title": "Home", "draft_title": "Home", "slug": "home", "content_type": 2, "url_path": "/home/", "owner": null, "seo_title": "", "show_in_menus": false, "search_description": "", "latest_revision_created_at": "2022-09-22T13:16:53.183Z", "alias_of": null, "b_image": null, "head_msg": "Professional Life Coaching with Vincent", "head_body": "<p data-block-key=\"zx9zm\">Professional Life coach and advisor</p>", "head_btn_link": "Free Consultation", "description": "<p data-block-key=\"v77ve\">Hello world</p>", "info": "<p data-block-key=\"uz3hg\">Hello world</p>", "link": "Hello world", "photo": 1, "name": "Vincent Oj", "details": "<p data-block-key=\"9mdlc\">CEO</p>", "blog_feature": null, "contact_phone": "256774559687", "contact_email": "ojaravincent5@gmail.com", "contact_location": "Kampala, Uganda", "wagtail_admin_comments": [], "our_prices": [{"pk": null, "sort_order": 0, "page": 3, "price_type": "Basic", "price": "Ushs 50,000/=", "basis": "per hour", "breakdown": "<p data-block-key=\"feeov\">One-on-one zoom meeting<br/>1 exercise<br/>Medical prescription if needed<br/>1 followup session free</p>", "order_link": "Book Now"}, {"pk": null, "sort_order": 1, "page": 3, "price_type": "Group", "price": "Ushs 250,000/=", "basis": "per hour (1-5 people)", "breakdown": "<p data-block-key=\"feeov\">One-on-one zoom meeting<br/>1 exercise per person<br/>Medical prescription if needed<br/>1 followup physical free</p>", "order_link": "Book Now"}, {"pk": null, "sort_order": 2, "page": 3, "price_type": "Premium -Single", "price": "Ushs 150,000", "basis": "per hour", "breakdown": "<p data-block-key=\"feeov\">Physical meeting<br/>3 exercise<br/>Medical prescription if needed<br/>2 followup session free</p><p data-block-key=\"2364v\">A free e-book</p>", "order_link": "Book Now"}]}, "approved_go_live_at": null}}, {"model": "wagtailcore.revision", "pk": 4, "fields": {"content_type": 2, "base_content_type": 1, "object_id": "3", "submitted_for_moderation": false, "created_at": "2022-09-22T13:20:00.197Z", "user": 1, "object_str": "Home", "content": {"pk": 3, "path": "00010001", "depth": 2, "numchild": 0, "translation_key": "7a291573-6dcb-4d57-becd-5e74cfbdebdd", "locale": 1, "latest_revision": 3, "live": true, "has_unpublished_changes": false, "first_published_at": "2022-09-22T07:54:59.235Z", "last_published_at": "2022-09-22T13:17:52.708Z", "live_revision": 3, "go_live_at": null, "expire_at": null, "expired": false, "locked": false, "locked_at": null, "locked_by": null, "title": "Home", "draft_title": "Home", "slug": "home", "content_type": 2, "url_path": "/home/", "owner": null, "seo_title": "", "show_in_menus": false, "search_description": "", "latest_revision_created_at": "2022-09-22T13:17:52.675Z", "alias_of": null, "b_image": null, "head_msg": "Professional Life Coaching with Vincent", "head_body": "<p data-block-key=\"zx9zm\">Professional Life coach and advisor</p>", "head_btn_link": "Free Consultation", "description": "<p data-block-key=\"v77ve\">Lorem ipsum is simply free text used by copytyping refreshing. Neque porro est qui dolorem ipsum quia quaed inventore veritatis et quasi architecto beatae vitae dicta sunt explicabo. Aelltes port lacus quis enim var sed efficitur turpis gilla sed sit amet finibus eros. Lorem Ipsum is simply dummy text of the printing and typesetting industry. Lorem Ipsum has been the ndustry standard dummy text ever since the 1500s.</p>", "info": "<p data-block-key=\"uz3hg\">Lorem ipsum dolor sit amet, consectetur adipiscing elit. Ut elit tellus, luctus nec ullamcorper mattis, pulvinar dapibus leo. Ut elit tellus, luctus nec ullamcorper mattis, pulvinar dapibus leo.</p><ul><li data-block-key=\"fm8f1\">Nsectetur cing elit so you need to prioze thse tass into.</li><li data-block-key=\"esug\">Suspe ndisse suscipit sagittis leo in pety of casos.</li><li data-block-key=\"2nbof\">Entum estibulum dignissim posuere.</li></ul>", "link": "Free Consultation", "photo": 1, "name": "Vincent Oj", "details": "<p data-block-key=\"9mdlc\">CEO</p>", "blog_feature": null, "contact_phone": "256774559687", "contact_email": "ojaravincent5@gmail.com", "contact_location": "Kampala, Uganda", "wagtail_admin_comments": [], "our_prices": [{"pk": 1, "sort_order": 0, "page": 3, "price_type": "Basic", "price": "Ushs 50,000/=", "basis": "per hour", "breakdown": "<p data-block-key=\"feeov\">One-on-one zoom meeting<br/>1 exercise<br/>Medical prescription if needed<br/>1 followup session free</p>", "order_link": "Book Now"}, {"pk": 2, "sort_order": 1, "page": 3, "price_type": "Group", "price": "Ushs 250,000/=", "basis": "per hour (1-5 people)", "breakdown": "<p data-block-key=\"feeov\">One-on-one zoom meeting<br/>1 exercise per person<br/>Medical prescription if needed<br/>1 followup physical free</p>", "order_link": "Book Now"}, {"pk": 3, "sort_order": 2, "page": 3, "price_type": "Premium -Single", "price": "Ushs 150,000", "basis": "per hour", "breakdown": "<p data-block-key=\"feeov\">Physical meeting<br/>3 exercise<br/>Medical prescription if needed<br/>2 followup session free</p><p data-block-key=\"2364v\">A free e-book</p>", "order_link": "Book Now"}]}, "approved_go_live_at": null}}, {"model": "wagtailcore.revision", "pk": 5, "fields": {"content_type": 2, "base_content_type": 1, "object_id": "3", "submitted_for_moderation": false, "created_at": "2022-09-22T13:21:47.235Z", "user": 1, "object_str": "Home", "content": {"pk": 3, "path": "00010001", "depth": 2, "numchild": 0, "translation_key": "7a291573-6dcb-4d57-becd-5e74cfbdebdd", "locale": 1, "latest_revision": 4, "live": true, "has_unpublished_changes": false, "first_published_at": "2022-09-22T07:54:59.235Z", "last_published_at": "2022-09-22T13:20:00.232Z", "live_revision": 4, "go_live_at": null, "expire_at": null, "expired": false, "locked": false, "locked_at": null, "locked_by": null, "title": "Home", "draft_title": "Home", "slug": "home", "content_type": 2, "url_path": "/home/", "owner": null, "seo_title": "", "show_in_menus": false, "search_description": "", "latest_revision_created_at": "2022-09-22T13:20:00.197Z", "alias_of": null, "b_image": null, "head_msg": "Professional Life Coaching with Vincent", "head_body": "<p data-block-key=\"zx9zm\">Professional Life coach and advisor</p>", "head_btn_link": "Free Consultation", "description": "<p data-block-key=\"v77ve\">Lorem ipsum is simply free text used by copytyping refreshing. Neque porro est qui dolorem ipsum quia quaed inventore veritatis et quasi architecto beatae vitae dicta sunt explicabo. Lorem Ipsum has been the ndustry standard dummy text ever since the 1500s.</p>", "info": "<p data-block-key=\"uz3hg\">Lorem ipsum dolor sit amet, consectetur adipiscing elit. Ut elit tellus, luctus nec ullamcorper mattis, pulvinar dapibus leo. Ut elit tellus, luctus nec ullamcorper mattis, pulvinar dapibus leo.</p><ul><li data-block-key=\"fm8f1\">Nsectetur cing elit so you need to prioze thse tass into.</li><li data-block-key=\"esug\">Suspe ndisse suscipit sagittis leo in pety of casos.</li><li data-block-key=\"2nbof\">Entum estibulum dignissim posuere.</li></ul>", "link": "Free Consultation", "photo": 1, "name": "Vincent Oj", "details": "<p data-block-key=\"9mdlc\">CEO</p>", "blog_feature": null, "contact_phone": "256774559687", "contact_email": "ojaravincent5@gmail.com", "contact_location": "Kampala, Uganda", "wagtail_admin_comments": [], "our_prices": [{"pk": 1, "sort_order": 0, "page": 3, "price_type": "Basic", "price": "Ushs 50,000/=", "basis": "per hour", "breakdown": "<p data-block-key=\"feeov\">One-on-one zoom meeting<br/>1 exercise<br/>Medical prescription if needed<br/>1 followup session free</p>", "order_link": "Book Now"}, {"pk": 2, "sort_order": 1, "page": 3, "price_type": "Group", "price": "Ushs 250,000/=", "basis": "per hour (1-5 people)", "breakdown": "<p data-block-key=\"feeov\">One-on-one zoom meeting<br/>1 exercise per person<br/>Medical prescription if needed<br/>1 followup physical free</p>", "order_link": "Book Now"}, {"pk": 3, "sort_order": 2, "page": 3, "price_type": "Premium -Single", "price": "Ushs 150,000", "basis": "per hour", "breakdown": "<p data-block-key=\"feeov\">Physical meeting<br/>3 exercise<br/>Medical prescription if needed<br/>2 followup session free</p><p data-block-key=\"2364v\">A free e-book</p>", "order_link": "Book Now"}]}, "approved_go_live_at": null}}, {"model": "wagtailcore.revision", "pk": 6, "fields": {"content_type": 2, "base_content_type": 1, "object_id": "3", "submitted_for_moderation": false, "created_at": "2022-09-23T06:42:53.938Z", "user": 1, "object_str": "Home", "content": {"pk": 3, "path": "00010001", "depth": 2, "numchild": 0, "translation_key": "7a291573-6dcb-4d57-becd-5e74cfbdebdd", "locale": 1, "latest_revision": 5, "live": true, "has_unpublished_changes": false, "first_published_at": "2022-09-22T07:54:59.235Z", "last_published_at": "2022-09-22T13:21:47.273Z", "live_revision": 5, "go_live_at": null, "expire_at": null, "expired": false, "locked": false, "locked_at": null, "locked_by": null, "title": "Home", "draft_title": "Home", "slug": "home", "content_type": 2, "url_path": "/home/", "owner": null, "seo_title": "", "show_in_menus": false, "search_description": "", "latest_revision_created_at": "2022-09-22T13:21:47.235Z", "alias_of": null, "b_image": null, "head_msg": "Professional Life Coaching with Vincent", "head_body": "<p data-block-key=\"zx9zm\">Professional Life coach and advisor</p>", "head_btn_link": "Free Consultation", "pic": null, "info": "<p data-block-key=\"uz3hg\">Lorem ipsum dolor sit amet, consectetur adipiscing elit. Ut elit tellus, luctus nec ullamcorper mattis, pulvinar dapibus leo. Ut elit tellus, luctus nec ullamcorper mattis, pulvinar dapibus leo.</p><ul><li data-block-key=\"fm8f1\">Nsectetur cing elit so you need to prioze thse tass into.</li><li data-block-key=\"esug\">Suspe ndisse suscipit sagittis leo in pety of casos.</li><li data-block-key=\"2nbof\">Entum estibulum dignissim posuere.</li></ul>", "link": "Free Consultation", "team": "[]", "blog_feature": null, "contact_phone": "256774559687", "contact_email": "ojaravincent5@gmail.com", "contact_location": "Kampala, Uganda", "wagtail_admin_comments": [], "our_services": [{"pk": null, "sort_order": 0, "page": 3, "icon": 3, "service": "Enterpreneurship Guidance", "description": "<p data-block-key=\"8qwbl\">Lorem Ipsum <i>consectetuer adipiscing elit. Lorem ipsum dolor sit amet. Lorem ipsum dolor lorem lorem</i></p>"}, {"pk": null, "sort_order": 1, "page": 3, "icon": 4, "service": "Financial Literacty", "description": "<p data-block-key=\"8qwbl\">Lorem Ipsum <i>consectetuer adipiscing elit. Lorem ipsum dolor sit amet. Lorem ipsum dolor lorem lorem</i></p>"}, {"pk": null, "sort_order": 2, "page": 3, "icon": 5, "service": "Work Life Balance", "description": "<p data-block-key=\"8qwbl\">Lorem Ipsum <i>consectetuer adipiscing elit. Lorem ipsum dolor sit amet. Lorem ipsum dolor lorem lorem</i></p>"}, {"pk": null, "sort_order": 3, "page": 3, "icon": 6, "service": "Important Decision Making", "description": "<p data-block-key=\"8qwbl\">Lorem Ipsum <i>consectetuer adipiscing elit. Lorem ipsum dolor sit amet. Lorem ipsum dolor lorem lorem</i></p>"}, {"pk": null, "sort_order": 4, "page": 3, "icon": 2, "service": "Career Mentorship", "description": "<p data-block-key=\"q3oy9\">Lorem Ipsum <i>consectetuer adipiscing elit. Lorem ipsum dolor sit amet. Lorem ipsum dolor lorem lorem</i></p>"}], "our_prices": [{"pk": 1, "sort_order": 0, "page": 3, "price_type": "Basic", "price": "Ushs 50,000/=", "basis": "per hour", "breakdown": "<p data-block-key=\"feeov\">One-on-one zoom meeting<br/>1 exercise<br/>Medical prescription if needed<br/>1 followup session free</p>", "order_link": "Book Now"}, {"pk": 2, "sort_order": 1, "page": 3, "price_type": "Group", "price": "Ushs 250,000/=", "basis": "per hour (1-5 people)", "breakdown": "<p data-block-key=\"feeov\">One-on-one zoom meeting<br/>1 exercise per person<br/>Medical prescription if needed<br/>1 followup physical free</p>", "order_link": "Book Now"}, {"pk": 3, "sort_order": 2, "page": 3, "price_type": "Premium -Single", "price": "Ushs 150,000", "basis": "per hour", "breakdown": "<p data-block-key=\"feeov\">Physical meeting<br/>3 exercise<br/>Medical prescription if needed<br/>2 followup session free</p><p data-block-key=\"2364v\">A free e-book</p>", "order_link": "Book Now"}]}, "approved_go_live_at": null}}, {"model": "wagtailcore.revision", "pk": 7, "fields": {"content_type": 2, "base_content_type": 1, "object_id": "3", "submitted_for_moderation": false, "created_at": "2022-09-23T06:45:24.464Z", "user": 1, "object_str": "Home", "content": {"pk": 3, "path": "00010001", "depth": 2, "numchild": 0, "translation_key": "7a291573-6dcb-4d57-becd-5e74cfbdebdd", "locale": 1, "latest_revision": 6, "live": true, "has_unpublished_changes": true, "first_published_at": "2022-09-22T07:54:59.235Z", "last_published_at": "2022-09-22T13:21:47.273Z", "live_revision": 5, "go_live_at": null, "expire_at": null, "expired": false, "locked": false, "locked_at": null, "locked_by": null, "title": "Home", "draft_title": "Home", "slug": "home", "content_type": 2, "url_path": "/home/", "owner": null, "seo_title": "", "show_in_menus": false, "search_description": "", "latest_revision_created_at": "2022-09-23T06:42:53.938Z", "alias_of": null, "b_image": null, "head_msg": "Professional Life Coaching with Vincent", "head_body": "<p data-block-key=\"zx9zm\">Professional Life coach and advisor</p>", "head_btn_link": "Free Consultation", "pic": null, "info": "<p data-block-key=\"uz3hg\">Lorem ipsum dolor sit amet, consectetur adipiscing elit. Ut elit tellus, luctus nec ullamcorper mattis, pulvinar dapibus leo. Ut elit tellus, luctus nec ullamcorper mattis, pulvinar dapibus leo.<br/>Lorem Ipsum <i>consectetuer adipiscing elit. Lorem ipsum dolor sit amet. Lorem ipsum dolor lorem lorem</i></p><ul><li data-block-key=\"fm8f1\">Nsectetur cing elit so you need to prioze thse tass into.</li><li data-block-key=\"esug\">Suspe ndisse suscipit sagittis leo in pety of casos.</li><li data-block-key=\"2nbof\">Entum estibulum dignissim posuere.</li></ul>", "link": "Free Consultation", "team": "[]", "blog_feature": null, "contact_phone": "256774559687", "contact_email": "ojaravincent5@gmail.com", "contact_location": "Kampala, Uganda", "wagtail_admin_comments": [], "our_services": [{"pk": null, "sort_order": 0, "page": 3, "icon": 3, "service": "Enterpreneurship Guidance", "description": "<p data-block-key=\"8qwbl\">Lorem Ipsum <i>consectetuer adipiscing elit. Lorem ipsum dolor sit amet. Lorem ipsum dolor lorem lorem</i></p>"}, {"pk": null, "sort_order": 1, "page": 3, "icon": 4, "service": "Financial Literacty", "description": "<p data-block-key=\"8qwbl\">Lorem Ipsum <i>consectetuer adipiscing elit. Lorem ipsum dolor sit amet. Lorem ipsum dolor lorem lorem</i></p>"}, {"pk": null, "sort_order": 2, "page": 3, "icon": 5, "service": "Work Life Balance", "description": "<p data-block-key=\"8qwbl\">Lorem Ipsum <i>consectetuer adipiscing elit. Lorem ipsum dolor sit amet. Lorem ipsum dolor lorem lorem</i></p>"}, {"pk": null, "sort_order": 3, "page": 3, "icon": 6, "service": "Important Decision Making", "description": "<p data-block-key=\"8qwbl\">Lorem Ipsum <i>consectetuer adipiscing elit. Lorem ipsum dolor sit amet. Lorem ipsum dolor lorem lorem</i></p>"}, {"pk": null, "sort_order": 4, "page": 3, "icon": 2, "service": "Career Mentorship", "description": "<p data-block-key=\"q3oy9\">Lorem Ipsum <i>consectetuer adipiscing elit. Lorem ipsum dolor sit amet. Lorem ipsum dolor lorem lorem</i></p>"}], "our_prices": [{"pk": 1, "sort_order": 0, "page": 3, "price_type": "Basic", "price": "Ushs 50,000/=", "basis": "per hour", "breakdown": "<p data-block-key=\"feeov\">One-on-one zoom meeting<br/>1 exercise<br/>Medical prescription if needed<br/>1 followup session free</p>", "order_link": "Book Now"}, {"pk": 2, "sort_order": 1, "page": 3, "price_type": "Group", "price": "Ushs 250,000/=", "basis": "per hour (1-5 people)", "breakdown": "<p data-block-key=\"feeov\">One-on-one zoom meeting<br/>1 exercise per person<br/>Medical prescription if needed<br/>1 followup physical free</p>", "order_link": "Book Now"}, {"pk": 3, "sort_order": 2, "page": 3, "price_type": "Premium -Single", "price": "Ushs 150,000", "basis": "per hour", "breakdown": "<p data-block-key=\"feeov\">Physical meeting<br/>3 exercise<br/>Medical prescription if needed<br/>2 followup session free</p><p data-block-key=\"2364v\">A free e-book</p>", "order_link": "Book Now"}]}, "approved_go_live_at": null}}, {"model": "wagtailcore.revision", "pk": 8, "fields": {"content_type": 2, "base_content_type": 1, "object_id": "3", "submitted_for_moderation": false, "created_at": "2022-09-23T06:52:04.790Z", "user": 1, "object_str": "Home", "content": {"pk": 3, "path": "00010001", "depth": 2, "numchild": 0, "translation_key": "7a291573-6dcb-4d57-becd-5e74cfbdebdd", "locale": 1, "latest_revision": 7, "live": true, "has_unpublished_changes": true, "first_published_at": "2022-09-22T07:54:59.235Z", "last_published_at": "2022-09-22T13:21:47.273Z", "live_revision": 5, "go_live_at": null, "expire_at": null, "expired": false, "locked": false, "locked_at": null, "locked_by": null, "title": "Home", "draft_title": "Home", "slug": "home", "content_type": 2, "url_path": "/home/", "owner": null, "seo_title": "", "show_in_menus": false, "search_description": "", "latest_revision_created_at": "2022-09-23T06:45:24.464Z", "alias_of": null, "b_image": null, "head_msg": "Professional Life Coaching with Vincent", "head_body": "<p data-block-key=\"zx9zm\">Professional Life coach and advisor</p>", "head_btn_link": "Free Consultation", "pic": 7, "info": "<p data-block-key=\"uz3hg\">Lorem ipsum dolor sit amet, consectetur adipiscing elit. Ut elit tellus, luctus nec ullamcorper mattis, pulvinar dapibus leo. Ut elit tellus, luctus nec ullamcorper mattis, pulvinar dapibus leo.<br/>Lorem Ipsum <i>consectetuer adipiscing elit. Lorem ipsum dolor sit amet. Lorem ipsum dolor lorem lorem</i></p><ul><li data-block-key=\"fm8f1\">Nsectetur cing elit so you need to prioze thse tass into.</li><li data-block-key=\"esug\">Suspe ndisse suscipit sagittis leo in pety of casos.</li><li data-block-key=\"2nbof\">Entum estibulum dignissim posuere.</li></ul>", "link": "Free Consultation", "team": "[{\"type\": \"photo\", \"value\": 8, \"id\": \"f3d01920-4779-4c18-ae0d-1ea09664308e\"}]", "blog_feature": null, "contact_phone": "256774559687", "contact_email": "ojaravincent5@gmail.com", "contact_location": "Kampala, Uganda", "wagtail_admin_comments": [], "our_services": [{"pk": null, "sort_order": 0, "page": 3, "icon": 3, "service": "Enterpreneurship Guidance", "description": "<p data-block-key=\"8qwbl\">Lorem Ipsum <i>consectetuer adipiscing elit. Lorem ipsum dolor sit amet. Lorem ipsum dolor lorem lorem</i></p>"}, {"pk": null, "sort_order": 1, "page": 3, "icon": 4, "service": "Financial Literacty", "description": "<p data-block-key=\"8qwbl\">Lorem Ipsum <i>consectetuer adipiscing elit. Lorem ipsum dolor sit amet. Lorem ipsum dolor lorem lorem</i></p>"}, {"pk": null, "sort_order": 2, "page": 3, "icon": 5, "service": "Work Life Balance", "description": "<p data-block-key=\"8qwbl\">Lorem Ipsum <i>consectetuer adipiscing elit. Lorem ipsum dolor sit amet. Lorem ipsum dolor lorem lorem</i></p>"}, {"pk": null, "sort_order": 3, "page": 3, "icon": 6, "service": "Important Decision Making", "description": "<p data-block-key=\"8qwbl\">Lorem Ipsum <i>consectetuer adipiscing elit. Lorem ipsum dolor sit amet. Lorem ipsum dolor lorem lorem</i></p>"}, {"pk": null, "sort_order": 4, "page": 3, "icon": 2, "service": "Career Mentorship", "description": "<p data-block-key=\"q3oy9\">Lorem Ipsum <i>consectetuer adipiscing elit. Lorem ipsum dolor sit amet. Lorem ipsum dolor lorem lorem</i></p>"}], "our_prices": [{"pk": 1, "sort_order": 0, "page": 3, "price_type": "Basic", "price": "Ushs 50,000/=", "basis": "per hour", "breakdown": "<p data-block-key=\"feeov\">One-on-one zoom meeting<br/>1 exercise<br/>Medical prescription if needed<br/>1 followup session free</p>", "order_link": "Book Now"}, {"pk": 2, "sort_order": 1, "page": 3, "price_type": "Group", "price": "Ushs 250,000/=", "basis": "per hour (1-5 people)", "breakdown": "<p data-block-key=\"feeov\">One-on-one zoom meeting<br/>1 exercise per person<br/>Medical prescription if needed<br/>1 followup physical free</p>", "order_link": "Book Now"}, {"pk": 3, "sort_order": 2, "page": 3, "price_type": "Premium -Single", "price": "Ushs 150,000", "basis": "per hour", "breakdown": "<p data-block-key=\"feeov\">Physical meeting<br/>3 exercise<br/>Medical prescription if needed<br/>2 followup session free</p><p data-block-key=\"2364v\">A free e-book</p>", "order_link": "Book Now"}]}, "approved_go_live_at": null}}, {"model": "wagtailcore.revision", "pk": 9, "fields": {"content_type": 2, "base_content_type": 1, "object_id": "3", "submitted_for_moderation": false, "created_at": "2022-09-23T06:57:27.959Z", "user": 1, "object_str": "Home", "content": {"pk": 3, "path": "00010001", "depth": 2, "numchild": 0, "translation_key": "7a291573-6dcb-4d57-becd-5e74cfbdebdd", "locale": 1, "latest_revision": 8, "live": true, "has_unpublished_changes": true, "first_published_at": "2022-09-22T07:54:59.235Z", "last_published_at": "2022-09-22T13:21:47.273Z", "live_revision": 5, "go_live_at": null, "expire_at": null, "expired": false, "locked": false, "locked_at": null, "locked_by": null, "title": "Home", "draft_title": "Home", "slug": "home", "content_type": 2, "url_path": "/home/", "owner": null, "seo_title": "", "show_in_menus": false, "search_description": "", "latest_revision_created_at": "2022-09-23T06:52:04.790Z", "alias_of": null, "b_image": null, "head_msg": "Professional Life Coaching with Vincent", "head_body": "<p data-block-key=\"zx9zm\">Professional Life coach and advisor</p>", "head_btn_link": "Free Consultation", "pic": 7, "info": "<p data-block-key=\"uz3hg\">Lorem ipsum dolor sit amet, consectetur adipiscing elit. Ut elit tellus, luctus nec ullamcorper mattis, pulvinar dapibus leo. Ut elit tellus, luctus nec ullamcorper mattis, pulvinar dapibus leo.<br/>Lorem Ipsum <i>consectetuer adipiscing elit. Lorem ipsum dolor sit amet. Lorem ipsum dolor lorem lorem</i></p><ul><li data-block-key=\"fm8f1\">Nsectetur cing elit so you need to prioze thse tass into.</li><li data-block-key=\"esug\">Suspe ndisse suscipit sagittis leo in pety of casos.</li><li data-block-key=\"2nbof\">Entum estibulum dignissim posuere.</li></ul>", "link": "Free Consultation", "team": "[{\"type\": \"photo\", \"value\": 8, \"id\": \"f3d01920-4779-4c18-ae0d-1ea09664308e\"}, {\"type\": \"photo\", \"value\": 9, \"id\": \"8819d3a8-9119-43e1-a952-0953b4790e88\"}, {\"type\": \"photo\", \"value\": 10, \"id\": \"50fbfe36-6de0-40e1-9fc1-c211b4c93488\"}]", "blog_feature": null, "contact_phone": "256774559687", "contact_email": "ojaravincent5@gmail.com", "contact_location": "Kampala, Uganda", "wagtail_admin_comments": [], "our_services": [{"pk": null, "sort_order": 0, "page": 3, "icon": 3, "service": "Enterpreneurship Guidance", "description": "<p data-block-key=\"8qwbl\">Lorem Ipsum <i>consectetuer adipiscing elit. Lorem ipsum dolor sit amet. Lorem ipsum dolor lorem lorem</i></p>"}, {"pk": null, "sort_order": 1, "page": 3, "icon": 4, "service": "Financial Literacty", "description": "<p data-block-key=\"8qwbl\">Lorem Ipsum <i>consectetuer adipiscing elit. Lorem ipsum dolor sit amet. Lorem ipsum dolor lorem lorem</i></p>"}, {"pk": null, "sort_order": 2, "page": 3, "icon": 5, "service": "Work Life Balance", "description": "<p data-block-key=\"8qwbl\">Lorem Ipsum <i>consectetuer adipiscing elit. Lorem ipsum dolor sit amet. Lorem ipsum dolor lorem lorem</i></p>"}, {"pk": null, "sort_order": 3, "page": 3, "icon": 6, "service": "Important Decision Making", "description": "<p data-block-key=\"8qwbl\">Lorem Ipsum <i>consectetuer adipiscing elit. Lorem ipsum dolor sit amet. Lorem ipsum dolor lorem lorem</i></p>"}, {"pk": null, "sort_order": 4, "page": 3, "icon": 2, "service": "Career Mentorship", "description": "<p data-block-key=\"q3oy9\">Lorem Ipsum <i>consectetuer adipiscing elit. Lorem ipsum dolor sit amet. Lorem ipsum dolor lorem lorem</i></p>"}], "our_prices": [{"pk": 1, "sort_order": 0, "page": 3, "price_type": "Basic", "price": "Ushs 50,000/=", "basis": "per hour", "breakdown": "<p data-block-key=\"feeov\">One-on-one zoom meeting<br/>1 exercise<br/>Medical prescription if needed<br/>1 followup session free</p>", "order_link": "Book Now"}, {"pk": 2, "sort_order": 1, "page": 3, "price_type": "Group", "price": "Ushs 250,000/=", "basis": "per hour (1-5 people)", "breakdown": "<p data-block-key=\"feeov\">One-on-one zoom meeting<br/>1 exercise per person<br/>Medical prescription if needed<br/>1 followup physical free</p>", "order_link": "Book Now"}, {"pk": 3, "sort_order": 2, "page": 3, "price_type": "Premium -Single", "price": "Ushs 150,000", "basis": "per hour", "breakdown": "<p data-block-key=\"feeov\">Physical meeting<br/>3 exercise<br/>Medical prescription if needed<br/>2 followup session free</p><p data-block-key=\"2364v\">A free e-book</p>", "order_link": "Book Now"}]}, "approved_go_live_at": null}}, {"model": "wagtailcore.revision", "pk": 10, "fields": {"content_type": 2, "base_content_type": 1, "object_id": "3", "submitted_for_moderation": false, "created_at": "2022-09-26T12:53:02.687Z", "user": 1, "object_str": "Home", "content": {"pk": 3, "path": "00010001", "depth": 2, "numchild": 0, "translation_key": "7a291573-6dcb-4d57-becd-5e74cfbdebdd", "locale": 1, "latest_revision": 9, "live": true, "has_unpublished_changes": false, "first_published_at": "2022-09-22T07:54:59.235Z", "last_published_at": "2022-09-23T06:57:28.006Z", "live_revision": 9, "go_live_at": null, "expire_at": null, "expired": false, "locked": false, "locked_at": null, "locked_by": null, "title": "Home", "draft_title": "Home", "slug": "home", "content_type": 2, "url_path": "/home/", "owner": null, "seo_title": "", "show_in_menus": false, "search_description": "", "latest_revision_created_at": "2022-09-23T06:57:27.959Z", "alias_of": null, "b_image": null, "head_msg": "Professional Life Coaching with Vincent", "head_body": "<p data-block-key=\"zx9zm\">Professional Life coach and advisor</p>", "head_btn_link": "Free Consultation", "pic": 7, "info": "<p data-block-key=\"uz3hg\">Lorem ipsum dolor sit amet, consectetur adipiscing elit. Ut elit tellus, luctus nec ullamcorper mattis, pulvinar dapibus leo. Ut elit tellus, luctus nec ullamcorper mattis, pulvinar dapibus leo.<br/>Lorem Ipsum <i>consectetuer adipiscing elit. Lorem ipsum dolor sit amet. Lorem ipsum dolor lorem lorem</i></p><ul><li data-block-key=\"fm8f1\">Nsectetur cing elit so you need to prioze thse tass into.</li><li data-block-key=\"esug\">Suspe ndisse suscipit sagittis leo in pety of casos.</li><li data-block-key=\"2nbof\">Entum estibulum dignissim posuere.</li></ul>", "link": "Free Consultation", "team": "[{\"type\": \"teammate\", \"value\": {\"photo\": 8, \"name\": \"Vincent Oj\", \"details\": \"CEO\"}, \"id\": \"799b8168-200b-4b77-85b6-35ef8c018e19\"}, {\"type\": \"teammate\", \"value\": {\"photo\": 9, \"name\": \"Carina Coop\", \"details\": \"Therapist\"}, \"id\": \"57f75e9e-1158-4c6f-9897-0d1153b71872\"}, {\"type\": \"teammate\", \"value\": {\"photo\": 10, \"name\": \"Lisa Osbon\", \"details\": \"Financial Advisor\"}, \"id\": \"e462dde0-7cda-499e-a1f3-0a43fefd31c1\"}, {\"type\": \"teammate\", \"value\": {\"photo\": 11, \"name\": \"Mark Donalds\", \"details\": \"Entrepreneural Advisor\"}, \"id\": \"b4991696-bdb2-4553-9054-8a35a74f5a58\"}]", "blog_feature": null, "contact_phone": "256774559687", "contact_email": "ojaravincent5@gmail.com", "contact_location": "Kampala, Uganda", "wagtail_admin_comments": [], "our_services": [{"pk": 1, "sort_order": 0, "page": 3, "icon": 3, "service": "Enterpreneurship Guidance", "description": "<p data-block-key=\"8qwbl\">Lorem Ipsum <i>consectetuer adipiscing elit. Lorem ipsum dolor sit amet. Lorem ipsum dolor lorem lorem</i></p>"}, {"pk": 2, "sort_order": 1, "page": 3, "icon": 4, "service": "Financial Literacty", "description": "<p data-block-key=\"8qwbl\">Lorem Ipsum <i>consectetuer adipiscing elit. Lorem ipsum dolor sit amet. Lorem ipsum dolor lorem lorem</i></p>"}, {"pk": 3, "sort_order": 2, "page": 3, "icon": 5, "service": "Work Life Balance", "description": "<p data-block-key=\"8qwbl\">Lorem Ipsum <i>consectetuer adipiscing elit. Lorem ipsum dolor sit amet. Lorem ipsum dolor lorem lorem</i></p>"}, {"pk": 4, "sort_order": 3, "page": 3, "icon": 6, "service": "Important Decision Making", "description": "<p data-block-key=\"8qwbl\">Lorem Ipsum <i>consectetuer adipiscing elit. Lorem ipsum dolor sit amet. Lorem ipsum dolor lorem lorem</i></p>"}, {"pk": 5, "sort_order": 4, "page": 3, "icon": 2, "service": "Career Mentorship", "description": "<p data-block-key=\"q3oy9\">Lorem Ipsum <i>consectetuer adipiscing elit. Lorem ipsum dolor sit amet. Lorem ipsum dolor lorem lorem</i></p>"}], "our_prices": [{"pk": 1, "sort_order": 0, "page": 3, "price_type": "Basic", "price": "Ushs 50,000/=", "basis": "per hour", "breakdown": "<p data-block-key=\"feeov\">One-on-one zoom meeting<br/>1 exercise<br/>Medical prescription if needed<br/>1 followup session free</p>", "order_link": "Book Now"}, {"pk": 2, "sort_order": 1, "page": 3, "price_type": "Group", "price": "Ushs 250,000/=", "basis": "per hour (1-5 people)", "breakdown": "<p data-block-key=\"feeov\">One-on-one zoom meeting<br/>1 exercise per person<br/>Medical prescription if needed<br/>1 followup physical free</p>", "order_link": "Book Now"}, {"pk": 3, "sort_order": 2, "page": 3, "price_type": "Premium -Single", "price": "Ushs 150,000", "basis": "per hour", "breakdown": "<p data-block-key=\"feeov\">Physical meeting<br/>3 exercise<br/>Medical prescription if needed<br/>2 followup session free</p><p data-block-key=\"2364v\">A free e-book</p>", "order_link": "Book Now"}]}, "approved_go_live_at": null}}, {"model": "wagtailcore.revision", "pk": 11, "fields": {"content_type": 2, "base_content_type": 1, "object_id": "3", "submitted_for_moderation": false, "created_at": "2022-09-26T14:44:47.992Z", "user": 1, "object_str": "Home", "content": {"pk": 3, "path": "00010001", "depth": 2, "numchild": 0, "translation_key": "7a291573-6dcb-4d57-becd-5e74cfbdebdd", "locale": 1, "latest_revision": 10, "live": true, "has_unpublished_changes": false, "first_published_at": "2022-09-22T07:54:59.235Z", "last_published_at": "2022-09-26T12:53:02.732Z", "live_revision": 10, "go_live_at": null, "expire_at": null, "expired": false, "locked": false, "locked_at": null, "locked_by": null, "title": "Home", "draft_title": "Home", "slug": "home", "content_type": 2, "url_path": "/home/", "owner": null, "seo_title": "", "show_in_menus": false, "search_description": "", "latest_revision_created_at": "2022-09-26T12:53:02.687Z", "alias_of": null, "b_image": null, "head_msg": "Professional Life Coaching with Vincent", "head_body": "<p data-block-key=\"zx9zm\">Professional Life coach and advisor</p>", "head_btn_link": "Free Consultation", "pic": 7, "info": "<p data-block-key=\"uz3hg\">Lorem ipsum dolor sit amet, consectetur adipiscing elit. Ut elit tellus, luctus nec ullamcorper mattis, pulvinar dapibus leo. Ut elit tellus, luctus nec ullamcorper mattis, pulvinar dapibus leo.<br/>Lorem Ipsum <i>consectetuer adipiscing elit. Lorem ipsum dolor sit amet. Lorem ipsum dolor lorem lorem</i></p><ul><li data-block-key=\"fm8f1\">Nsectetur cing elit so you need to prioze thse tass into.</li><li data-block-key=\"esug\">Suspe ndisse suscipit sagittis leo in pety of casos.</li><li data-block-key=\"2nbof\">Entum estibulum dignissim posuere.</li></ul>", "link": "Free Consultation", "team": "[{\"type\": \"teammate\", \"value\": {\"photo\": 8, \"name\": \"Vincent Oj\", \"details\": \"CEO\"}, \"id\": \"799b8168-200b-4b77-85b6-35ef8c018e19\"}, {\"type\": \"teammate\", \"value\": {\"photo\": 9, \"name\": \"Carina Coop\", \"details\": \"Therapist\"}, \"id\": \"57f75e9e-1158-4c6f-9897-0d1153b71872\"}, {\"type\": \"teammate\", \"value\": {\"photo\": 10, \"name\": \"Lisa Osbon\", \"details\": \"Financial Advisor\"}, \"id\": \"e462dde0-7cda-499e-a1f3-0a43fefd31c1\"}, {\"type\": \"teammate\", \"value\": {\"photo\": 11, \"name\": \"Mark Donalds\", \"details\": \"Entrepreneural Advisor\"}, \"id\": \"b4991696-bdb2-4553-9054-8a35a74f5a58\"}]", "blog_feature": null, "contact_phone": "256774559687", "contact_email": "ojaravincent5@gmail.com", "contact_location": "Kampala, Uganda", "wagtail_admin_comments": [], "our_services": [{"pk": 1, "sort_order": 0, "page": 3, "icon": 3, "service": "Enterpreneurship Guidance", "description": "<p data-block-key=\"8qwbl\">Lorem Ipsum <i>consectetuer adipiscing elit. Lorem ipsum dolor sit amet. Lorem ipsum dolor lorem lorem</i></p>"}, {"pk": 2, "sort_order": 1, "page": 3, "icon": 4, "service": "Financial Literacty", "description": "<p data-block-key=\"8qwbl\">Lorem Ipsum <i>consectetuer adipiscing elit. Lorem ipsum dolor sit amet. Lorem ipsum dolor lorem lorem</i></p>"}, {"pk": 3, "sort_order": 2, "page": 3, "icon": 5, "service": "Work Life Balance", "description": "<p data-block-key=\"8qwbl\">Lorem Ipsum <i>consectetuer adipiscing elit. Lorem ipsum dolor sit amet. Lorem ipsum dolor lorem lorem</i></p>"}, {"pk": 4, "sort_order": 3, "page": 3, "icon": 6, "service": "Important Decision Making", "description": "<p data-block-key=\"8qwbl\">Lorem Ipsum <i>consectetuer adipiscing elit. Lorem ipsum dolor sit amet. Lorem ipsum dolor lorem lorem</i></p>"}, {"pk": 5, "sort_order": 4, "page": 3, "icon": 2, "service": "Career Mentorship", "description": "<p data-block-key=\"q3oy9\">Lorem Ipsum <i>consectetuer adipiscing elit. Lorem ipsum dolor sit amet. Lorem ipsum dolor lorem lorem</i></p>"}], "our_prices": [{"pk": 1, "sort_order": 0, "page": 3, "price_type": "Basic", "price": "Ushs 50,000/=", "basis": "per hour", "breakdown": "<p data-block-key=\"86mr5\">hhh</p>", "order_link": "Book Now"}, {"pk": 2, "sort_order": 1, "page": 3, "price_type": "Group", "price": "Ushs 250,000/=", "basis": "per hour (1-5 people)", "breakdown": "<p data-block-key=\"feeov\">One-on-one zoom meeting<br/>1 exercise per person<br/>Medical prescription if needed<br/>1 followup physical free</p>", "order_link": "Book Now"}, {"pk": 3, "sort_order": 2, "page": 3, "price_type": "Premium -Single", "price": "Ushs 150,000", "basis": "per hour", "breakdown": "<p data-block-key=\"feeov\">Physical meeting<br/>3 exercise<br/>Medical prescription if needed<br/>2 followup session free</p><p data-block-key=\"2364v\">A free e-book</p>", "order_link": "Book Now"}]}, "approved_go_live_at": null}}, {"model": "wagtailcore.revision", "pk": 12, "fields": {"content_type": 2, "base_content_type": 1, "object_id": "3", "submitted_for_moderation": false, "created_at": "2022-09-26T14:49:13.404Z", "user": 1, "object_str": "Home", "content": {"pk": 3, "path": "00010001", "depth": 2, "numchild": 0, "translation_key": "7a291573-6dcb-4d57-becd-5e74cfbdebdd", "locale": 1, "latest_revision": 11, "live": true, "has_unpublished_changes": false, "first_published_at": "2022-09-22T07:54:59.235Z", "last_published_at": "2022-09-26T14:44:48.030Z", "live_revision": 11, "go_live_at": null, "expire_at": null, "expired": false, "locked": false, "locked_at": null, "locked_by": null, "title": "Home", "draft_title": "Home", "slug": "home", "content_type": 2, "url_path": "/home/", "owner": null, "seo_title": "", "show_in_menus": false, "search_description": "", "latest_revision_created_at": "2022-09-26T14:44:47.992Z", "alias_of": null, "b_image": null, "head_msg": "Professional Life Coaching with Vincent", "head_body": "<p data-block-key=\"zx9zm\">Professional Life coach and advisor</p>", "head_btn_link": "Free Consultation", "pic": 7, "info": "<p data-block-key=\"uz3hg\">Lorem ipsum dolor sit amet, consectetur adipiscing elit. Ut elit tellus, luctus nec ullamcorper mattis, pulvinar dapibus leo. Ut elit tellus, luctus nec ullamcorper mattis, pulvinar dapibus leo.<br/>Lorem Ipsum <i>consectetuer adipiscing elit. Lorem ipsum dolor sit amet. Lorem ipsum dolor lorem lorem</i></p><ul><li data-block-key=\"fm8f1\">Nsectetur cing elit so you need to prioze thse tass into.</li><li data-block-key=\"esug\">Suspe ndisse suscipit sagittis leo in pety of casos.</li><li data-block-key=\"2nbof\">Entum estibulum dignissim posuere.</li></ul>", "link": "Free Consultation", "team": "[{\"type\": \"teammate\", \"value\": {\"photo\": 8, \"name\": \"Vincent Oj\", \"details\": \"CEO\"}, \"id\": \"799b8168-200b-4b77-85b6-35ef8c018e19\"}, {\"type\": \"teammate\", \"value\": {\"photo\": 9, \"name\": \"Carina Coop\", \"details\": \"Therapist\"}, \"id\": \"57f75e9e-1158-4c6f-9897-0d1153b71872\"}, {\"type\": \"teammate\", \"value\": {\"photo\": 10, \"name\": \"Lisa Osbon\", \"details\": \"Financial Advisor\"}, \"id\": \"e462dde0-7cda-499e-a1f3-0a43fefd31c1\"}, {\"type\": \"teammate\", \"value\": {\"photo\": 11, \"name\": \"Mark Donalds\", \"details\": \"Entrepreneural Advisor\"}, \"id\": \"b4991696-bdb2-4553-9054-8a35a74f5a58\"}]", "blog_feature": null, "contact_phone": "256774559687", "contact_email": "ojaravincent5@gmail.com", "contact_location": "Kampala, Uganda", "wagtail_admin_comments": [], "our_services": [{"pk": 1, "sort_order": 0, "page": 3, "icon": 3, "service": "Enterpreneurship Guidance", "description": "<p data-block-key=\"8qwbl\">Lorem Ipsum <i>consectetuer adipiscing elit. Lorem ipsum dolor sit amet. Lorem ipsum dolor lorem lorem</i></p>"}, {"pk": 2, "sort_order": 1, "page": 3, "icon": 4, "service": "Financial Literacty", "description": "<p data-block-key=\"8qwbl\">Lorem Ipsum <i>consectetuer adipiscing elit. Lorem ipsum dolor sit amet. Lorem ipsum dolor lorem lorem</i></p>"}, {"pk": 3, "sort_order": 2, "page": 3, "icon": 5, "service": "Work Life Balance", "description": "<p data-block-key=\"8qwbl\">Lorem Ipsum <i>consectetuer adipiscing elit. Lorem ipsum dolor sit amet. Lorem ipsum dolor lorem lorem</i></p>"}, {"pk": 4, "sort_order": 3, "page": 3, "icon": 6, "service": "Important Decision Making", "description": "<p data-block-key=\"8qwbl\">Lorem Ipsum <i>consectetuer adipiscing elit. Lorem ipsum dolor sit amet. Lorem ipsum dolor lorem lorem</i></p>"}, {"pk": 5, "sort_order": 4, "page": 3, "icon": 2, "service": "Career Mentorship", "description": "<p data-block-key=\"q3oy9\">Lorem Ipsum <i>consectetuer adipiscing elit. Lorem ipsum dolor sit amet. Lorem ipsum dolor lorem lorem</i></p>"}], "our_prices": [{"pk": 1, "sort_order": 0, "page": 3, "price_type": "Basic", "price": "Ushs 50,000/=", "basis": "per hour", "breakdown": "<p data-block-key=\"86mr5\">One-on-one zoom meeting<br/>1 exercise<br/>Medical prescription if needed<br/>1 followup session free</p>", "order_link": "Book Now"}, {"pk": 2, "sort_order": 1, "page": 3, "price_type": "Group", "price": "Ushs 250,000/=", "basis": "per hour (1-5 people)", "breakdown": "<p data-block-key=\"feeov\">One-on-one zoom meeting<br/>1 exercise per person<br/>Medical prescription if needed<br/>1 followup physical free</p>", "order_link": "Book Now"}, {"pk": 3, "sort_order": 2, "page": 3, "price_type": "Premium -Single", "price": "Ushs 150,000", "basis": "per hour", "breakdown": "<p data-block-key=\"feeov\">Physical meeting<br/>3 exercise<br/>Medical prescription if needed<br/>2 followup session free</p><p data-block-key=\"2364v\">A free e-book</p>", "order_link": "Book Now"}]}, "approved_go_live_at": null}}, {"model": "wagtailcore.revision", "pk": 13, "fields": {"content_type": 48, "base_content_type": 1, "object_id": "4", "submitted_for_moderation": false, "created_at": "2022-09-27T07:37:41.767Z", "user": 1, "object_str": "blog", "content": {"pk": 4, "path": "000100010001", "depth": 3, "numchild": 0, "translation_key": "4f2f9b96-3167-4780-a30a-541079f57f9b", "locale": 1, "latest_revision": null, "live": true, "has_unpublished_changes": false, "first_published_at": null, "last_published_at": null, "live_revision": null, "go_live_at": null, "expire_at": null, "expired": false, "locked": false, "locked_at": null, "locked_by": null, "title": "blog", "draft_title": "blog", "slug": "blog", "content_type": 48, "url_path": "/home/blog/", "owner": 1, "seo_title": "", "show_in_menus": false, "search_description": "", "latest_revision_created_at": null, "alias_of": null, "intro": "<p data-block-key=\"zbdsb\">My blogs</p>", "wagtail_admin_comments": []}, "approved_go_live_at": null}}, {"model": "wagtailcore.revision", "pk": 14, "fields": {"content_type": 47, "base_content_type": 1, "object_id": "5", "submitted_for_moderation": false, "created_at": "2022-09-27T07:50:16.641Z", "user": 1, "object_str": "About", "content": {"pk": 5, "path": "000100010002", "depth": 3, "numchild": 0, "translation_key": "c9de372d-7416-4bcf-89de-39d518f3b701", "locale": 1, "latest_revision": null, "live": false, "has_unpublished_changes": false, "first_published_at": null, "last_published_at": null, "live_revision": null, "go_live_at": null, "expire_at": null, "expired": false, "locked": false, "locked_at": null, "locked_by": null, "title": "About", "draft_title": "About", "slug": "about", "content_type": 47, "url_path": "/home/about/", "owner": 1, "seo_title": "", "show_in_menus": false, "search_description": "", "latest_revision_created_at": null, "alias_of": null, "subtitle": "About us", "story": "<h2 data-block-key=\"g81d1\">Meet Vincent - A Modern-Day<br/>Life Coach &amp; Advisor!</h2><p data-block-key=\"bkgms\"></p><p data-block-key=\"anfbc\">There are many variations of passages of Ipsum available, but the majority have suffered alteration in some form, by injected humour, or randomised words which don’t look even slightly believable. If you are going to use a passage of you need to be sure there isn’t anything embarrassing hidden in the middle of text. Lorem ipsum is simply free text dolor sit amet, consectetur adipisicing elit, sed do eiusmod tempor incididunt ut labore et dolore magna aliqua. Ut enim ad minilor in reprehenderit in voluptate.</p>", "picture": 12, "testimonials": "[{\"type\": \"testifier\", \"value\": {\"testimony\": \"<p data-block-key=\\\"feytv\\\">I had success in my business and in my life but I knew there was something more for me so I hired Vincent. Vincent challenged my thinking, my attitudes, values and beliefs and he saw in me the potential that I needed to see in myself.</p>\", \"profilepic\": 1, \"name\": \"Adams\", \"profession\": \"Analyst\"}, \"id\": \"1a0e981f-ae10-4f75-891d-e6de4fc3684c\"}, {\"type\": \"testifier\", \"value\": {\"testimony\": \"<p data-block-key=\\\"feytv\\\">When I reached out to Vincent Coaching, I was not sure if I needed a therapist or a business life coach but once Vincent got involved, he helped me tackle and focus on the most important goal of mine\\u2026.<b>working ON my business and not IN my business</b>.</p><p data-block-key=\\\"55g1t\\\">I had no idea having a business coach could be so <b>helpful in all areas of my life</b>, I truly had several Breakthrough for Life moments that will last a lifetime.</p><p data-block-key=\\\"b2ti8\\\">I am so grateful for everything Business Coach, Vincent taught me. He<b> gave me the confidence and tools to continue to grow my business</b></p>\", \"profilepic\": 14, \"name\": \"Maria\", \"profession\": \"Baker\"}, \"id\": \"12bbb299-29a8-45aa-be1e-703ffc061e46\"}]", "wagtail_admin_comments": []}, "approved_go_live_at": null}}, {"model": "wagtailcore.revision", "pk": 15, "fields": {"content_type": 48, "base_content_type": 1, "object_id": "4", "submitted_for_moderation": false, "created_at": "2022-09-27T11:33:13.249Z", "user": 1, "object_str": "blog", "content": {"pk": 4, "path": "000100010001", "depth": 3, "numchild": 0, "translation_key": "4f2f9b96-3167-4780-a30a-541079f57f9b", "locale": 1, "latest_revision": 13, "live": true, "has_unpublished_changes": false, "first_published_at": "2022-09-27T07:37:41.784Z", "last_published_at": "2022-09-27T07:37:41.784Z", "live_revision": 13, "go_live_at": null, "expire_at": null, "expired": false, "locked": false, "locked_at": null, "locked_by": null, "title": "blog", "draft_title": "blog", "slug": "blog", "content_type": 48, "url_path": "/home/blog/", "owner": 1, "seo_title": "", "show_in_menus": false, "search_description": "", "latest_revision_created_at": "2022-09-27T07:37:41.767Z", "alias_of": null, "intro": "<p data-block-key=\"zbdsb\">Latest News from our awesome blogs 😌</p>", "wagtail_admin_comments": []}, "approved_go_live_at": null}}, {"model": "wagtailcore.revision", "pk": 16, "fields": {"content_type": 49, "base_content_type": 1, "object_id": "6", "submitted_for_moderation": false, "created_at": "2022-09-27T11:45:09.104Z", "user": 1, "object_str": "Blog post", "content": {"pk": 6, "path": "0001000100010001", "depth": 4, "numchild": 0, "translation_key": "904f9140-90f8-44f8-9a41-d3903ef70521", "locale": 1, "latest_revision": null, "live": true, "has_unpublished_changes": false, "first_published_at": null, "last_published_at": null, "live_revision": null, "go_live_at": null, "expire_at": null, "expired": false, "locked": false, "locked_at": null, "locked_by": null, "title": "Blog post", "draft_title": "Blog post", "slug": "blog-post", "content_type": 49, "url_path": "/home/blog/blog-post/", "owner": 1, "seo_title": "", "show_in_menus": false, "search_description": "", "latest_revision_created_at": null, "alias_of": null, "heading": "Studying for Life & Workplace Balance", "date": "2022-09-27T11:45:09.103Z", "author": "Monroe", "image": 15, "body": "<p data-block-key=\"i2oec\"><b>Lorem Ipsum</b> is simply dummy text of the printing and typesetting industry. Lorem Ipsum has been the industry&#x27;s standard dummy text ever since the 1500s, when an unknown printer took a galley of type and scrambled it to make a type specimen book. It has survived not only five centuries, but also the leap into electronic typesetting, remaining essentially unchanged. It was popularised in the 1960s with the release of Letraset sheets containing Lorem Ipsum passages, and more recently with desktop publishing software like Aldus PageMaker including versions of Lorem Ipsum.</p>", "wagtail_admin_comments": []}, "approved_go_live_at": null}}, {"model": "wagtailcore.revision", "pk": 17, "fields": {"content_type": 49, "base_content_type": 1, "object_id": "6", "submitted_for_moderation": false, "created_at": "2022-09-27T11:45:53.920Z", "user": 1, "object_str": "Blog post 1", "content": {"pk": 6, "path": "0001000100010001", "depth": 4, "numchild": 0, "translation_key": "904f9140-90f8-44f8-9a41-d3903ef70521", "locale": 1, "latest_revision": 16, "live": true, "has_unpublished_changes": false, "first_published_at": "2022-09-27T11:45:09.125Z", "last_published_at": "2022-09-27T11:45:09.125Z", "live_revision": 16, "go_live_at": null, "expire_at": null, "expired": false, "locked": false, "locked_at": null, "locked_by": null, "title": "Blog post 1", "draft_title": "Blog post", "slug": "blog-post", "content_type": 49, "url_path": "/home/blog/blog-post/", "owner": 1, "seo_title": "", "show_in_menus": false, "search_description": "", "latest_revision_created_at": "2022-09-27T11:45:09.104Z", "alias_of": null, "heading": "Studying for Life & Workplace Balance", "date": "2022-09-27T11:45:53.920Z", "author": "Monroe", "image": 15, "body": "<p data-block-key=\"i2oec\"><b>Lorem Ipsum</b> is simply dummy text of the printing and typesetting industry. Lorem Ipsum has been the industry&#x27;s standard dummy text ever since the 1500s, when an unknown printer took a galley of type and scrambled it to make a type specimen book. It has survived not only five centuries, but also the leap into electronic typesetting, remaining essentially unchanged. It was popularised in the 1960s with the release of Letraset sheets containing Lorem Ipsum passages, and more recently with desktop publishing software like Aldus PageMaker including versions of Lorem Ipsum.</p>", "wagtail_admin_comments": []}, "approved_go_live_at": null}}, {"model": "wagtailcore.revision", "pk": 18, "fields": {"content_type": 49, "base_content_type": 1, "object_id": "7", "submitted_for_moderation": false, "created_at": "2022-09-27T11:56:41.333Z", "user": 1, "object_str": "Blog post 2", "content": {"pk": 7, "path": "0001000100010002", "depth": 4, "numchild": 0, "translation_key": "d5e518ed-8f47-4638-b7e2-25cb3bda2a51", "locale": 1, "latest_revision": null, "live": false, "has_unpublished_changes": false, "first_published_at": null, "last_published_at": null, "live_revision": null, "go_live_at": null, "expire_at": null, "expired": false, "locked": false, "locked_at": null, "locked_by": null, "title": "Blog post 2", "draft_title": "Blog post 2", "slug": "blog-post-2", "content_type": 49, "url_path": "/home/blog/blog-post-2/", "owner": 1, "seo_title": "", "show_in_menus": false, "search_description": "", "latest_revision_created_at": null, "alias_of": null, "heading": "Career day", "date": "2022-09-27T11:56:41.332Z", "author": "Jungu", "image": 16, "body": "<p data-block-key=\"d7bh0\"><b>Lorem Ipsum</b> is simply dummy text of the printing and typesetting industry. Lorem Ipsum has been the industry&#x27;s standard dummy text ever since the 1500s, when an unknown printer took a galley of type and scrambled it to make a type specimen book. It has survived not only five centuries, but also the leap into electronic typesetting, remaining essentially unchanged. It was popularised in the 1960s with the release of Letraset sheets containing Lorem Ipsum passages, and more recently with desktop publishing software like Aldus PageMaker including versions of Lorem Ipsum.</p>", "wagtail_admin_comments": []}, "approved_go_live_at": null}}, {"model": "wagtailcore.revision", "pk": 19, "fields": {"content_type": 49, "base_content_type": 1, "object_id": "8", "submitted_for_moderation": false, "created_at": "2022-09-27T11:58:23.879Z", "user": 1, "object_str": "Blog post 3", "content": {"pk": 8, "path": "0001000100010003", "depth": 4, "numchild": 0, "translation_key": "d0267af6-c973-467e-82f7-0c9e56ad304c", "locale": 1, "latest_revision": null, "live": false, "has_unpublished_changes": false, "first_published_at": null, "last_published_at": null, "live_revision": null, "go_live_at": null, "expire_at": null, "expired": false, "locked": false, "locked_at": null, "locked_by": null, "title": "Blog post 3", "draft_title": "Blog post 3", "slug": "blog-post-3", "content_type": 49, "url_path": "/home/blog/blog-post-3/", "owner": 1, "seo_title": "", "show_in_menus": false, "search_description": "", "latest_revision_created_at": null, "alias_of": null, "heading": "Enterprise", "date": "2022-09-27T11:58:23.878Z", "author": "Malrin", "image": 17, "body": "<p data-block-key=\"ete4t\"><b>Lorem Ipsum</b> is simply dummy text of the printing and typesetting industry. Lorem Ipsum has been the industry&#x27;s standard dummy text ever since the 1500s, when an unknown printer took a galley of type and scrambled it to make a type specimen book. It has survived not only five centuries, but also the leap into electronic typesetting, remaining essentially unchanged. It was popularised in the 1960s with the release of Letraset sheets containing Lorem Ipsum passages, and more recently with desktop publishing software like Aldus PageMaker including versions of Lorem Ipsum.</p>", "wagtail_admin_comments": []}, "approved_go_live_at": null}}, {"model": "wagtailcore.revision", "pk": 20, "fields": {"content_type": 49, "base_content_type": 1, "object_id": "9", "submitted_for_moderation": false, "created_at": "2022-09-27T11:59:31.767Z", "user": 1, "object_str": "Blog post 4", "content": {"pk": 9, "path": "0001000100010004", "depth": 4, "numchild": 0, "translation_key": "89f58cd8-3616-4a3a-8fb1-051ac0569da2", "locale": 1, "latest_revision": null, "live": false, "has_unpublished_changes": false, "first_published_at": null, "last_published_at": null, "live_revision": null, "go_live_at": null, "expire_at": null, "expired": false, "locked": false, "locked_at": null, "locked_by": null, "title": "Blog post 4", "draft_title": "Blog post 4", "slug": "blog-post-4", "content_type": 49, "url_path": "/home/blog/blog-post-4/", "owner": 1, "seo_title": "", "show_in_menus": false, "search_description": "", "latest_revision_created_at": null, "alias_of": null, "heading": "Open life", "date": "2022-09-27T11:59:31.766Z", "author": "Vince", "image": 18, "body": "<p data-block-key=\"rb75y\"><b>Lorem Ipsum</b> is simply dummy text of the printing and typesetting industry. Lorem Ipsum has been the industry&#x27;s standard dummy text ever since the 1500s, when an unknown printer took a galley of type and scrambled it to make a type specimen book. It has survived not only five centuries, but also the leap into electronic typesetting, remaining essentially unchanged. It was popularised in the 1960s with the release of Letraset sheets containing Lorem Ipsum passages, and more recently with desktop publishing software like Aldus PageMaker including versions of Lorem Ipsum.</p>", "wagtail_admin_comments": []}, "approved_go_live_at": null}}, {"model": "wagtailcore.revision", "pk": 21, "fields": {"content_type": 49, "base_content_type": 1, "object_id": "10", "submitted_for_moderation": false, "created_at": "2022-09-27T12:00:28.715Z", "user": 1, "object_str": "Blog post 5", "content": {"pk": 10, "path": "0001000100010005", "depth": 4, "numchild": 0, "translation_key": "7e6ec78b-23c2-485e-b12f-3342568aad1e", "locale": 1, "latest_revision": null, "live": false, "has_unpublished_changes": false, "first_published_at": null, "last_published_at": null, "live_revision": null, "go_live_at": null, "expire_at": null, "expired": false, "locked": false, "locked_at": null, "locked_by": null, "title": "Blog post 5", "draft_title": "Blog post 5", "slug": "blog-post-5", "content_type": 49, "url_path": "/home/blog/blog-post-5/", "owner": 1, "seo_title": "", "show_in_menus": false, "search_description": "", "latest_revision_created_at": null, "alias_of": null, "heading": "Journal", "date": "2022-09-27T12:00:28.714Z", "author": "Rita", "image": 19, "body": "<p data-block-key=\"ahwda\"><b>Lorem Ipsum</b> is simply dummy text of the printing and typesetting industry. Lorem Ipsum has been the industry&#x27;s standard dummy text ever since the 1500s, when an unknown printer took a galley of type and scrambled it to make a type specimen book. It has survived not only five centuries, but also the leap into electronic typesetting, remaining essentially unchanged. It was popularised in the 1960s with the release of Letraset sheets containing Lorem Ipsum passages, and more recently with desktop publishing software like Aldus PageMaker including versions of Lorem Ipsum.</p>", "wagtail_admin_comments": []}, "approved_go_live_at": null}}, {"model": "wagtailcore.revision", "pk": 22, "fields": {"content_type": 49, "base_content_type": 1, "object_id": "11", "submitted_for_moderation": false, "created_at": "2022-09-27T12:01:42.478Z", "user": 1, "object_str": "Blog post 6", "content": {"pk": 11, "path": "0001000100010006", "depth": 4, "numchild": 0, "translation_key": "7bdeb8c9-1269-490c-b60c-6717a66a59c4", "locale": 1, "latest_revision": null, "live": false, "has_unpublished_changes": false, "first_published_at": null, "last_published_at": null, "live_revision": null, "go_live_at": null, "expire_at": null, "expired": false, "locked": false, "locked_at": null, "locked_by": null, "title": "Blog post 6", "draft_title": "Blog post 6", "slug": "blog-post-6", "content_type": 49, "url_path": "/home/blog/blog-post-6/", "owner": 1, "seo_title": "", "show_in_menus": false, "search_description": "", "latest_revision_created_at": null, "alias_of": null, "heading": "Rainy Wins", "date": "2022-09-27T12:01:42.477Z", "author": "Boron", "image": 20, "body": "<p data-block-key=\"7l7bp\"><b>Lorem Ipsum</b> is simply dummy text of the printing and typesetting industry. Lorem Ipsum has been the industry&#x27;s standard dummy text ever since the 1500s, when an unknown printer took a galley of type and scrambled it to make a type specimen book. It has survived not only five centuries, but also the leap into electronic typesetting, remaining essentially unchanged. It was popularised in the 1960s with the release of Letraset sheets containing Lorem Ipsum passages, and more recently with desktop publishing software like Aldus PageMaker including versions of Lorem Ipsum.</p>", "wagtail_admin_comments": []}, "approved_go_live_at": null}}, {"model": "wagtailcore.revision", "pk": 23, "fields": {"content_type": 50, "base_content_type": 1, "object_id": "12", "submitted_for_moderation": false, "created_at": "2022-09-27T12:50:31.423Z", "user": 1, "object_str": "Service 1", "content": {"pk": 12, "path": "000100010003", "depth": 3, "numchild": 0, "translation_key": "eda8a1ee-9284-4b44-a46f-c30afd3beed7", "locale": 1, "latest_revision": null, "live": false, "has_unpublished_changes": false, "first_published_at": null, "last_published_at": null, "live_revision": null, "go_live_at": null, "expire_at": null, "expired": false, "locked": false, "locked_at": null, "locked_by": null, "title": "Service 1", "draft_title": "Service 1", "slug": "service-1", "content_type": 50, "url_path": "/home/service-1/", "owner": 1, "seo_title": "", "show_in_menus": false, "search_description": "", "latest_revision_created_at": null, "alias_of": null, "service_name": "Career Mentorship", "cover_image": 21, "content": "<p data-block-key=\"h63s6\">It is a long established fact that a reader will be distracted by the readable content of a page when looking at its layout. The point of using Lorem Ipsum is that it has a more-or-less normal distribution of letters, as opposed to using &#x27;Content here, content here&#x27;, making it look like readable English. Many desktop publishing packages and web page editors now use Lorem Ipsum as their default model text, and a search for &#x27;lorem ipsum&#x27; will uncover many web sites still in their infancy. Various versions have evolved over the years, sometimes by accident, sometimes on purpose (injected humour and the like).</p>", "wagtail_admin_comments": []}, "approved_go_live_at": null}}, {"model": "wagtailcore.revision", "pk": 24, "fields": {"content_type": 50, "base_content_type": 1, "object_id": "12", "submitted_for_moderation": false, "created_at": "2022-09-27T12:52:55.408Z", "user": 1, "object_str": "Service 1", "content": {"pk": 12, "path": "000100010003", "depth": 3, "numchild": 0, "translation_key": "eda8a1ee-9284-4b44-a46f-c30afd3beed7", "locale": 1, "latest_revision": 23, "live": false, "has_unpublished_changes": true, "first_published_at": null, "last_published_at": null, "live_revision": null, "go_live_at": null, "expire_at": null, "expired": false, "locked": false, "locked_at": null, "locked_by": null, "title": "Service 1", "draft_title": "Service 1", "slug": "service-1", "content_type": 50, "url_path": "/home/service-1/", "owner": 1, "seo_title": "", "show_in_menus": false, "search_description": "", "latest_revision_created_at": "2022-09-27T12:50:31.423Z", "alias_of": null, "service_name": "Career Mentorship", "cover_image": 21, "content": "<p data-block-key=\"h63s6\">It is a long established fact that a reader will be distracted by the readable content of a page when looking at its layout. The point of using Lorem Ipsum is that it has a more-or-less normal distribution of letters, as opposed to using &#x27;Content here, content here&#x27;, making it look like readable English. Many desktop publishing packages and web page editors now use Lorem Ipsum as their default model text, and a search for &#x27;lorem ipsum&#x27; will uncover many web sites still in their infancy. Various versions have evolved over the years, sometimes by accident, sometimes on purpose (injected humour and the like).</p>", "wagtail_admin_comments": []}, "approved_go_live_at": null}}, {"model": "wagtailcore.revision", "pk": 25, "fields": {"content_type": 50, "base_content_type": 1, "object_id": "12", "submitted_for_moderation": false, "created_at": "2022-09-27T13:02:48.787Z", "user": 1, "object_str": "Service 1", "content": {"pk": 12, "path": "000100010003", "depth": 3, "numchild": 0, "translation_key": "eda8a1ee-9284-4b44-a46f-c30afd3beed7", "locale": 1, "latest_revision": 24, "live": true, "has_unpublished_changes": false, "first_published_at": "2022-09-27T12:52:55.434Z", "last_published_at": "2022-09-27T12:52:55.434Z", "live_revision": 24, "go_live_at": null, "expire_at": null, "expired": false, "locked": false, "locked_at": null, "locked_by": null, "title": "Service 1", "draft_title": "Service 1", "slug": "service-1", "content_type": 50, "url_path": "/home/service-1/", "owner": 1, "seo_title": "", "show_in_menus": false, "search_description": "", "latest_revision_created_at": "2022-09-27T12:52:55.408Z", "alias_of": null, "service_name": "Career Mentorship", "cover_image": 21, "content": "<p data-block-key=\"h63s6\">It is a long established fact that a reader will be distracted by the readable content of a page when looking at its layout. The point of using Lorem Ipsum is that it has a more-or-less normal distribution of letters, as opposed to using &#x27;Content here, content here&#x27;, making it look like readable English. Many desktop publishing packages and web page editors now use Lorem Ipsum as their default model text, and a search for &#x27;lorem ipsum&#x27; will uncover many web sites still in their infancy. Various versions have evolved over the years, sometimes by accident, sometimes on purpose (injected humour and the like).</p>", "wagtail_admin_comments": []}, "approved_go_live_at": null}}, {"model": "wagtailcore.revision", "pk": 26, "fields": {"content_type": 52, "base_content_type": 1, "object_id": "13", "submitted_for_moderation": false, "created_at": "2022-09-27T13:54:57.813Z", "user": 1, "object_str": "Contact Us", "content": {"pk": 13, "path": "000100010004", "depth": 3, "numchild": 0, "translation_key": "1bff6dd7-e148-4bc5-826f-1e455c0e03d7", "locale": 1, "latest_revision": null, "live": false, "has_unpublished_changes": false, "first_published_at": null, "last_published_at": null, "live_revision": null, "go_live_at": null, "expire_at": null, "expired": false, "locked": false, "locked_at": null, "locked_by": null, "title": "Contact Us", "draft_title": "Contact Us", "slug": "contact-us", "content_type": 52, "url_path": "/home/contact-us/", "owner": 1, "seo_title": "", "show_in_menus": false, "search_description": "", "latest_revision_created_at": null, "alias_of": null, "to_address": "paulinon141@gmail.com", "from_address": "ojaravincent5@gmail.com", "subject": "send details here", "intro": "<p data-block-key=\"s0h61\">Hello</p>", "thank_you_text": "<p data-block-key=\"24kd9\">Thank you!</p>", "wagtail_admin_comments": [], "form_fields": [{"pk": 1, "sort_order": 0, "clean_name": "name", "label": "Name", "field_type": "singleline", "required": true, "choices": "", "default_value": "e.g John Doe", "help_text": "", "page": 13}, {"pk": 2, "sort_order": 1, "clean_name": "email", "label": "Email", "field_type": "email", "required": true, "choices": "", "default_value": "e.g johndoe@gmail.com", "help_text": "", "page": 13}, {"pk": 3, "sort_order": 2, "clean_name": "telephone", "label": "Telephone", "field_type": "number", "required": true, "choices": "", "default_value": "0702330044", "help_text": "", "page": 13}, {"pk": 4, "sort_order": 3, "clean_name": "message", "label": "Message", "field_type": "multiline", "required": true, "choices": "", "default_value": "", "help_text": "", "page": 13}]}, "approved_go_live_at": null}}, {"model": "wagtailcore.revision", "pk": 27, "fields": {"content_type": 52, "base_content_type": 1, "object_id": "13", "submitted_for_moderation": false, "created_at": "2022-09-27T13:55:13.287Z", "user": 1, "object_str": "Contact Us", "content": {"pk": 13, "path": "000100010004", "depth": 3, "numchild": 0, "translation_key": "1bff6dd7-e148-4bc5-826f-1e455c0e03d7", "locale": 1, "latest_revision": 26, "live": false, "has_unpublished_changes": true, "first_published_at": null, "last_published_at": null, "live_revision": null, "go_live_at": null, "expire_at": null, "expired": false, "locked": false, "locked_at": null, "locked_by": null, "title": "Contact Us", "draft_title": "Contact Us", "slug": "contact-us", "content_type": 52, "url_path": "/home/contact-us/", "owner": 1, "seo_title": "", "show_in_menus": false, "search_description": "", "latest_revision_created_at": "2022-09-27T13:54:57.813Z", "alias_of": null, "to_address": "paulinon141@gmail.com", "from_address": "ojaravincent5@gmail.com", "subject": "send details here", "intro": "<p data-block-key=\"s0h61\">Hello</p>", "thank_you_text": "<p data-block-key=\"24kd9\">Thank you!</p>", "wagtail_admin_comments": [], "form_fields": [{"pk": 1, "sort_order": 0, "clean_name": "name", "label": "Name", "field_type": "singleline", "required": true, "choices": "", "default_value": "e.g John Doe", "help_text": "", "page": 13}, {"pk": 2, "sort_order": 1, "clean_name": "email", "label": "Email", "field_type": "email", "required": true, "choices": "", "default_value": "e.g johndoe@gmail.com", "help_text": "", "page": 13}, {"pk": 3, "sort_order": 2, "clean_name": "telephone", "label": "Telephone", "field_type": "number", "required": true, "choices": "", "default_value": "0702330044", "help_text": "", "page": 13}, {"pk": 4, "sort_order": 3, "clean_name": "message", "label": "Message", "field_type": "multiline", "required": true, "choices": "", "default_value": "", "help_text": "", "page": 13}]}, "approved_go_live_at": null}}, {"model": "wagtailcore.revision", "pk": 28, "fields": {"content_type": 52, "base_content_type": 1, "object_id": "13", "submitted_for_moderation": false, "created_at": "2022-09-27T14:01:02.158Z", "user": 1, "object_str": "Contact Form", "content": {"pk": 13, "path": "000100010004", "depth": 3, "numchild": 0, "translation_key": "1bff6dd7-e148-4bc5-826f-1e455c0e03d7", "locale": 1, "latest_revision": 27, "live": true, "has_unpublished_changes": false, "first_published_at": "2022-09-27T13:55:13.315Z", "last_published_at": "2022-09-27T13:55:13.315Z", "live_revision": 27, "go_live_at": null, "expire_at": null, "expired": false, "locked": false, "locked_at": null, "locked_by": null, "title": "Contact Form", "draft_title": "Contact Us", "slug": "contact-us", "content_type": 52, "url_path": "/home/contact-us/", "owner": 1, "seo_title": "", "show_in_menus": false, "search_description": "", "latest_revision_created_at": "2022-09-27T13:55:13.287Z", "alias_of": null, "to_address": "paulinon141@gmail.com", "from_address": "ojaravincent5@gmail.com", "subject": "send details here", "intro": "<p data-block-key=\"s0h61\">Hello, feel free to reach out if you have any questions</p>", "thank_you_text": "<p data-block-key=\"24kd9\">Thank you!</p>", "wagtail_admin_comments": [], "form_fields": [{"pk": 1, "sort_order": 0, "clean_name": "name", "label": "Name", "field_type": "singleline", "required": true, "choices": "", "default_value": "e.g John Doe", "help_text": "", "page": 13}, {"pk": 2, "sort_order": 1, "clean_name": "email", "label": "Email", "field_type": "email", "required": true, "choices": "", "default_value": "e.g johndoe@gmail.com", "help_text": "", "page": 13}, {"pk": 3, "sort_order": 2, "clean_name": "telephone", "label": "Telephone", "field_type": "number", "required": true, "choices": "", "default_value": "0702330044", "help_text": "", "page": 13}, {"pk": 4, "sort_order": 3, "clean_name": "message", "label": "Message", "field_type": "multiline", "required": true, "choices": "", "default_value": "", "help_text": "", "page": 13}]}, "approved_go_live_at": null}}, {"model": "wagtailcore.revision", "pk": 29, "fields": {"content_type": 52, "base_content_type": 1, "object_id": "13", "submitted_for_moderation": false, "created_at": "2022-09-27T14:01:05.190Z", "user": 1, "object_str": "Contact Form", "content": {"pk": 13, "path": "000100010004", "depth": 3, "numchild": 0, "translation_key": "1bff6dd7-e148-4bc5-826f-1e455c0e03d7", "locale": 1, "latest_revision": 28, "live": true, "has_unpublished_changes": true, "first_published_at": "2022-09-27T13:55:13.315Z", "last_published_at": "2022-09-27T13:55:13.315Z", "live_revision": 27, "go_live_at": null, "expire_at": null, "expired": false, "locked": false, "locked_at": null, "locked_by": null, "title": "Contact Form", "draft_title": "Contact Form", "slug": "contact-us", "content_type": 52, "url_path": "/home/contact-us/", "owner": 1, "seo_title": "", "show_in_menus": false, "search_description": "", "latest_revision_created_at": "2022-09-27T14:01:02.158Z", "alias_of": null, "to_address": "paulinon141@gmail.com", "from_address": "ojaravincent5@gmail.com", "subject": "send details here", "intro": "<p data-block-key=\"s0h61\">Hello, feel free to reach out if you have any questions</p>", "thank_you_text": "<p data-block-key=\"24kd9\">Thank you!</p>", "wagtail_admin_comments": [], "form_fields": [{"pk": 1, "sort_order": 0, "clean_name": "name", "label": "Name", "field_type": "singleline", "required": true, "choices": "", "default_value": "e.g John Doe", "help_text": "", "page": 13}, {"pk": 2, "sort_order": 1, "clean_name": "email", "label": "Email", "field_type": "email", "required": true, "choices": "", "default_value": "e.g johndoe@gmail.com", "help_text": "", "page": 13}, {"pk": 3, "sort_order": 2, "clean_name": "telephone", "label": "Telephone", "field_type": "number", "required": true, "choices": "", "default_value": "0702330044", "help_text": "", "page": 13}, {"pk": 4, "sort_order": 3, "clean_name": "message", "label": "Message", "field_type": "multiline", "required": true, "choices": "", "default_value": "", "help_text": "", "page": 13}]}, "approved_go_live_at": null}}, {"model": "wagtailcore.revision", "pk": 30, "fields": {"content_type": 52, "base_content_type": 1, "object_id": "13", "submitted_for_moderation": false, "created_at": "2022-09-28T05:02:02.986Z", "user": 1, "object_str": "Contact Form", "content": {"pk": 13, "path": "000100010004", "depth": 3, "numchild": 0, "translation_key": "1bff6dd7-e148-4bc5-826f-1e455c0e03d7", "locale": 1, "latest_revision": 29, "live": true, "has_unpublished_changes": false, "first_published_at": "2022-09-27T13:55:13.315Z", "last_published_at": "2022-09-27T14:01:05.218Z", "live_revision": 29, "go_live_at": null, "expire_at": null, "expired": false, "locked": false, "locked_at": null, "locked_by": null, "title": "Contact Form", "draft_title": "Contact Form", "slug": "contact-us", "content_type": 52, "url_path": "/home/contact-us/", "owner": 1, "seo_title": "", "show_in_menus": false, "search_description": "", "latest_revision_created_at": "2022-09-27T14:01:05.190Z", "alias_of": null, "to_address": "paulinon141@gmail.com", "from_address": "ojaravincent5@gmail.com", "subject": "Contact form submissions", "intro": "<p data-block-key=\"s0h61\">Hello, feel free to reach out if you have any questions</p>", "thank_you_text": "<p data-block-key=\"24kd9\">Thank you!</p>", "wagtail_admin_comments": [], "form_fields": [{"pk": 1, "sort_order": 0, "clean_name": "name", "label": "Name", "field_type": "singleline", "required": true, "choices": "", "default_value": "e.g John Doe", "help_text": "", "page": 13}, {"pk": 2, "sort_order": 1, "clean_name": "email", "label": "Email", "field_type": "email", "required": true, "choices": "", "default_value": "e.g johndoe@gmail.com", "help_text": "", "page": 13}, {"pk": 3, "sort_order": 2, "clean_name": "telephone", "label": "Telephone", "field_type": "number", "required": true, "choices": "", "default_value": "0702330044", "help_text": "", "page": 13}, {"pk": 4, "sort_order": 3, "clean_name": "message", "label": "Message", "field_type": "multiline", "required": true, "choices": "", "default_value": "", "help_text": "", "page": 13}]}, "approved_go_live_at": null}}, {"model": "wagtailcore.revision", "pk": 31, "fields": {"content_type": 2, "base_content_type": 1, "object_id": "3", "submitted_for_moderation": false, "created_at": "2022-09-28T10:24:58.260Z", "user": 1, "object_str": "Home", "content": {"pk": 3, "path": "00010001", "depth": 2, "numchild": 5, "translation_key": "7a291573-6dcb-4d57-becd-5e74cfbdebdd", "locale": 1, "latest_revision": 12, "live": true, "has_unpublished_changes": false, "first_published_at": "2022-09-22T07:54:59.235Z", "last_published_at": "2022-09-26T14:49:13.441Z", "live_revision": 12, "go_live_at": null, "expire_at": null, "expired": false, "locked": false, "locked_at": null, "locked_by": null, "title": "Home", "draft_title": "Home", "slug": "home", "content_type": 2, "url_path": "/home/", "owner": null, "seo_title": "", "show_in_menus": false, "search_description": "", "latest_revision_created_at": "2022-09-26T14:49:13.404Z", "alias_of": null, "b_image": null, "head_msg": "Professional Life Coaching with Vincent", "head_body": "<p data-block-key=\"zx9zm\">Professional Life coach and advisor</p>", "head_btn_link": "Free Consultation", "pic": 7, "info": "<p data-block-key=\"uz3hg\">Lorem ipsum dolor sit amet, consectetur adipiscing elit. Ut elit tellus, luctus nec ullamcorper mattis, pulvinar dapibus leo. Ut elit tellus, luctus nec ullamcorper mattis, pulvinar dapibus leo.<br/>Lorem Ipsum <i>consectetuer adipiscing elit. Lorem ipsum dolor sit amet. Lorem ipsum dolor lorem lorem</i></p><ul><li data-block-key=\"fm8f1\">Nsectetur cing elit so you need to prioze thse tass <a id=\"13\" linktype=\"page\">into</a>.</li><li data-block-key=\"esug\">Suspe ndisse suscipit sagittis leo in pety of casos.</li><li data-block-key=\"2nbof\">Entum estibulum dignissim posuere.</li></ul>", "link": "Free Consultation", "team": "[{\"type\": \"teammate\", \"value\": {\"photo\": 8, \"name\": \"Vincent Oj\", \"details\": \"CEO\"}, \"id\": \"799b8168-200b-4b77-85b6-35ef8c018e19\"}, {\"type\": \"teammate\", \"value\": {\"photo\": 9, \"name\": \"Carina Coop\", \"details\": \"Therapist\"}, \"id\": \"57f75e9e-1158-4c6f-9897-0d1153b71872\"}, {\"type\": \"teammate\", \"value\": {\"photo\": 10, \"name\": \"Lisa Osbon\", \"details\": \"Financial Advisor\"}, \"id\": \"e462dde0-7cda-499e-a1f3-0a43fefd31c1\"}, {\"type\": \"teammate\", \"value\": {\"photo\": 11, \"name\": \"Mark Donalds\", \"details\": \"Entrepreneural Advisor\"}, \"id\": \"b4991696-bdb2-4553-9054-8a35a74f5a58\"}]", "contact_phone": "256774559687", "contact_email": "ojaravincent5@gmail.com", "contact_location": "Kampala, Uganda", "wagtail_admin_comments": [], "our_prices": [{"pk": 1, "sort_order": 0, "page": 3, "price_type": "Basic", "price": "Ushs 50,000/=", "basis": "per hour", "breakdown": "<p data-block-key=\"86mr5\">One-on-one zoom meeting<br/>1 exercise<br/>Medical prescription if needed<br/>1 followup session free</p>", "order_link": "Book Now"}, {"pk": 2, "sort_order": 1, "page": 3, "price_type": "Group", "price": "Ushs 250,000/=", "basis": "per hour (1-5 people)", "breakdown": "<p data-block-key=\"feeov\">One-on-one zoom meeting<br/>1 exercise per person<br/>Medical prescription if needed<br/>1 followup physical free</p>", "order_link": "Book Now"}, {"pk": 3, "sort_order": 2, "page": 3, "price_type": "Premium -Single", "price": "Ushs 150,000", "basis": "per hour", "breakdown": "<p data-block-key=\"feeov\">Physical meeting<br/>3 exercise<br/>Medical prescription if needed<br/>2 followup session free</p><p data-block-key=\"2364v\">A free e-book</p>", "order_link": "Book Now"}], "our_services": [{"pk": 1, "sort_order": 0, "page": 3, "icon": 3, "service": "Enterpreneurship Guidance", "description": "<p data-block-key=\"8qwbl\">Lorem Ipsum <i>consectetuer adipiscing elit. Lorem ipsum dolor sit amet. Lorem ipsum dolor lorem lorem</i></p>"}, {"pk": 2, "sort_order": 1, "page": 3, "icon": 4, "service": "Financial Literacty", "description": "<p data-block-key=\"8qwbl\">Lorem Ipsum <i>consectetuer adipiscing elit. Lorem ipsum dolor sit amet. Lorem ipsum dolor lorem lorem</i></p>"}, {"pk": 3, "sort_order": 2, "page": 3, "icon": 5, "service": "Work Life Balance", "description": "<p data-block-key=\"8qwbl\">Lorem Ipsum <i>consectetuer adipiscing elit. Lorem ipsum dolor sit amet. Lorem ipsum dolor lorem lorem</i></p>"}, {"pk": 4, "sort_order": 3, "page": 3, "icon": 6, "service": "Important Decision Making", "description": "<p data-block-key=\"8qwbl\">Lorem Ipsum <i>consectetuer adipiscing elit. Lorem ipsum dolor sit amet. Lorem ipsum dolor lorem lorem</i></p>"}, {"pk": 5, "sort_order": 4, "page": 3, "icon": 2, "service": "Career Mentorship", "description": "<p data-block-key=\"q3oy9\">Lorem Ipsum <i>consectetuer adipiscing elit. Lorem ipsum dolor sit amet. Lorem ipsum dolor lorem lorem</i></p>"}]}, "approved_go_live_at": null}}, {"model": "wagtailcore.revision", "pk": 32, "fields": {"content_type": 52, "base_content_type": 1, "object_id": "13", "submitted_for_moderation": false, "created_at": "2022-09-28T13:16:15.562Z", "user": 1, "object_str": "Contact Form", "content": {"pk": 13, "path": "000100010004", "depth": 3, "numchild": 0, "translation_key": "1bff6dd7-e148-4bc5-826f-1e455c0e03d7", "locale": 1, "latest_revision": 30, "live": true, "has_unpublished_changes": true, "first_published_at": "2022-09-27T13:55:13.315Z", "last_published_at": "2022-09-27T14:01:05.218Z", "live_revision": 29, "go_live_at": null, "expire_at": null, "expired": false, "locked": false, "locked_at": null, "locked_by": null, "title": "Contact Form", "draft_title": "Contact Form", "slug": "contact-us", "content_type": 52, "url_path": "/home/contact-us/", "owner": 1, "seo_title": "", "show_in_menus": false, "search_description": "", "latest_revision_created_at": "2022-09-28T05:02:02.986Z", "alias_of": null, "to_address": "paulinon141@gmail.com", "from_address": "ojaravincent5@gmail.com", "subject": "Contact form submissions", "intro": "<p data-block-key=\"s0h61\">Hello, feel free to reach out if you have any questions</p>", "thank_you_text": "<p data-block-key=\"24kd9\">Thank you!</p>", "wagtail_admin_comments": [], "form_fields": [{"pk": 1, "sort_order": 0, "clean_name": "name", "label": "Name", "field_type": "singleline", "required": true, "choices": "", "default_value": "e.g John Doe", "help_text": "", "page": 13}, {"pk": 2, "sort_order": 1, "clean_name": "email", "label": "Email", "field_type": "email", "required": true, "choices": "", "default_value": "e.g johndoe@gmail.com", "help_text": "", "page": 13}, {"pk": 3, "sort_order": 2, "clean_name": "telephone", "label": "Telephone", "field_type": "number", "required": true, "choices": "", "default_value": "0702330044", "help_text": "", "page": 13}, {"pk": 4, "sort_order": 3, "clean_name": "message", "label": "Message", "field_type": "multiline", "required": true, "choices": "", "default_value": "", "help_text": "", "page": 13}]}, "approved_go_live_at": null}}, {"model": "wagtailcore.revision", "pk": 33, "fields": {"content_type": 47, "base_content_type": 1, "object_id": "5", "submitted_for_moderation": false, "created_at": "2022-09-28T13:17:04.120Z", "user": 1, "object_str": "About", "content": {"pk": 5, "path": "000100010002", "depth": 3, "numchild": 0, "translation_key": "c9de372d-7416-4bcf-89de-39d518f3b701", "locale": 1, "latest_revision": 14, "live": false, "has_unpublished_changes": true, "first_published_at": null, "last_published_at": null, "live_revision": null, "go_live_at": null, "expire_at": null, "expired": false, "locked": false, "locked_at": null, "locked_by": null, "title": "About", "draft_title": "About", "slug": "about", "content_type": 47, "url_path": "/home/about/", "owner": 1, "seo_title": "", "show_in_menus": false, "search_description": "", "latest_revision_created_at": "2022-09-27T07:50:16.641Z", "alias_of": null, "subtitle": "About us", "story": "<h2 data-block-key=\"g81d1\">Meet Vincent - A Modern-Day<br/>Life Coach &amp; Advisor!</h2><p data-block-key=\"bkgms\"></p><p data-block-key=\"anfbc\">There are many variations of passages of Ipsum available, but the majority have suffered alteration in some form, by injected humour, or randomised words which don’t look even slightly believable. If you are going to use a passage of you need to be sure there isn’t anything embarrassing hidden in the middle of text. Lorem ipsum is simply free text dolor sit amet, consectetur adipisicing elit, sed do eiusmod tempor incididunt ut labore et dolore magna aliqua. Ut enim ad minilor in reprehenderit in voluptate.</p>", "picture": 12, "testimonials": "[{\"type\": \"testifier\", \"value\": {\"testimony\": \"<p data-block-key=\\\"feytv\\\">I had success in my business and in my life but I knew there was something more for me so I hired Vincent. Vincent challenged my thinking, my attitudes, values and beliefs and he saw in me the potential that I needed to see in myself.</p>\", \"profilepic\": 1, \"name\": \"Adams\", \"profession\": \"Analyst\"}, \"id\": \"1a0e981f-ae10-4f75-891d-e6de4fc3684c\"}, {\"type\": \"testifier\", \"value\": {\"testimony\": \"<p data-block-key=\\\"feytv\\\">When I reached out to Vincent Coaching, I was not sure if I needed a therapist or a business life coach but once Vincent got involved, he helped me tackle and focus on the most important goal of mine\\u2026.<b>working ON my business and not IN my business</b>.</p><p data-block-key=\\\"55g1t\\\">I had no idea having a business coach could be so <b>helpful in all areas of my life</b>, I truly had several Breakthrough for Life moments that will last a lifetime.</p><p data-block-key=\\\"b2ti8\\\">I am so grateful for everything Business Coach, Vincent taught me. He<b> gave me the confidence and tools to continue to grow my business</b></p>\", \"profilepic\": 14, \"name\": \"Maria\", \"profession\": \"Baker\"}, \"id\": \"12bbb299-29a8-45aa-be1e-703ffc061e46\"}]", "wagtail_admin_comments": []}, "approved_go_live_at": null}}, {"model": "wagtailcore.revision", "pk": 34, "fields": {"content_type": 2, "base_content_type": 1, "object_id": "3", "submitted_for_moderation": false, "created_at": "2022-09-28T14:29:19.302Z", "user": 1, "object_str": "Home", "content": {"pk": 3, "path": "00010001", "depth": 2, "numchild": 5, "translation_key": "7a291573-6dcb-4d57-becd-5e74cfbdebdd", "locale": 1, "latest_revision": 31, "live": true, "has_unpublished_changes": false, "first_published_at": "2022-09-22T07:54:59.235Z", "last_published_at": "2022-09-28T10:24:58.354Z", "live_revision": 31, "go_live_at": null, "expire_at": null, "expired": false, "locked": false, "locked_at": null, "locked_by": null, "title": "Home", "draft_title": "Home", "slug": "home", "content_type": 2, "url_path": "/home/", "owner": null, "seo_title": "", "show_in_menus": false, "search_description": "", "latest_revision_created_at": "2022-09-28T10:24:58.260Z", "alias_of": null, "b_image": null, "head_msg": "Professional Life Coaching with Vincent", "head_body": "<p data-block-key=\"zx9zm\">Professional Life coach and advisor</p>", "head_btn_link": "<p data-block-key=\"nc7i6\"><a id=\"13\" linktype=\"page\">Free Consultation</a></p>", "pic": 7, "info": "<p data-block-key=\"uz3hg\">Lorem ipsum dolor sit amet, consectetur adipiscing elit. Ut elit tellus, luctus nec ullamcorper mattis, pulvinar dapibus leo. Ut elit tellus, luctus nec ullamcorper mattis, pulvinar dapibus leo.<br/>Lorem Ipsum <i>consectetuer adipiscing elit. Lorem ipsum dolor sit amet. Lorem ipsum dolor lorem lorem</i></p><ul><li data-block-key=\"fm8f1\">Nsectetur cing elit so you need to prioze thse tass <a id=\"13\" linktype=\"page\">into</a>.</li><li data-block-key=\"esug\">Suspe ndisse suscipit sagittis leo in pety of casos.</li><li data-block-key=\"2nbof\">Entum estibulum dignissim posuere.</li></ul>", "link": "<p data-block-key=\"kpv6i\"><a id=\"13\" linktype=\"page\">Free Consultation</a></p>", "team": "[{\"type\": \"teammate\", \"value\": {\"photo\": 8, \"name\": \"Vincent Oj\", \"details\": \"CEO\"}, \"id\": \"799b8168-200b-4b77-85b6-35ef8c018e19\"}, {\"type\": \"teammate\", \"value\": {\"photo\": 9, \"name\": \"Carina Coop\", \"details\": \"Therapist\"}, \"id\": \"57f75e9e-1158-4c6f-9897-0d1153b71872\"}, {\"type\": \"teammate\", \"value\": {\"photo\": 10, \"name\": \"Lisa Osbon\", \"details\": \"Financial Advisor\"}, \"id\": \"e462dde0-7cda-499e-a1f3-0a43fefd31c1\"}, {\"type\": \"teammate\", \"value\": {\"photo\": 11, \"name\": \"Mark Donalds\", \"details\": \"Entrepreneural Advisor\"}, \"id\": \"b4991696-bdb2-4553-9054-8a35a74f5a58\"}]", "contact_phone": "256774559687", "contact_email": "ojaravincent5@gmail.com", "contact_location": "Kampala, Uganda", "wagtail_admin_comments": [], "our_prices": [{"pk": 1, "sort_order": 0, "page": 3, "price_type": "Basic", "price": "Ushs 50,000/=", "basis": "per hour", "breakdown": "<p data-block-key=\"86mr5\">One-on-one zoom meeting<br/>1 exercise<br/>Medical prescription if needed<br/>1 followup session free</p>", "order_link": "Book Now"}, {"pk": 2, "sort_order": 1, "page": 3, "price_type": "Group", "price": "Ushs 250,000/=", "basis": "per hour (1-5 people)", "breakdown": "<p data-block-key=\"feeov\">One-on-one zoom meeting<br/>1 exercise per person<br/>Medical prescription if needed<br/>1 followup physical free</p>", "order_link": "Book Now"}, {"pk": 3, "sort_order": 2, "page": 3, "price_type": "Premium -Single", "price": "Ushs 150,000", "basis": "per hour", "breakdown": "<p data-block-key=\"feeov\">Physical meeting<br/>3 exercise<br/>Medical prescription if needed<br/>2 followup session free</p><p data-block-key=\"2364v\">A free e-book</p>", "order_link": "Book Now"}], "our_services": [{"pk": 1, "sort_order": 0, "page": 3, "icon": 3, "service": "Enterpreneurship Guidance", "description": "<p data-block-key=\"8qwbl\">Lorem Ipsum <i>consectetuer adipiscing elit. Lorem ipsum dolor sit amet. Lorem ipsum dolor lorem lorem</i></p>"}, {"pk": 2, "sort_order": 1, "page": 3, "icon": 4, "service": "Financial Literacty", "description": "<p data-block-key=\"8qwbl\">Lorem Ipsum <i>consectetuer adipiscing elit. Lorem ipsum dolor sit amet. Lorem ipsum dolor lorem lorem</i></p>"}, {"pk": 3, "sort_order": 2, "page": 3, "icon": 5, "service": "Work Life Balance", "description": "<p data-block-key=\"8qwbl\">Lorem Ipsum <i>consectetuer adipiscing elit. Lorem ipsum dolor sit amet. Lorem ipsum dolor lorem lorem</i></p>"}, {"pk": 4, "sort_order": 3, "page": 3, "icon": 6, "service": "Important Decision Making", "description": "<p data-block-key=\"8qwbl\">Lorem Ipsum <i>consectetuer adipiscing elit. Lorem ipsum dolor sit amet. Lorem ipsum dolor lorem lorem</i></p>"}, {"pk": 5, "sort_order": 4, "page": 3, "icon": 2, "service": "Career Mentorship", "description": "<p data-block-key=\"q3oy9\">Lorem Ipsum <i>consectetuer adipiscing elit. Lorem ipsum dolor sit amet. Lorem ipsum dolor lorem lorem</i></p>"}]}, "approved_go_live_at": null}}, {"model": "wagtailcore.revision", "pk": 35, "fields": {"content_type": 49, "base_content_type": 1, "object_id": "7", "submitted_for_moderation": false, "created_at": "2022-09-28T14:49:12.430Z", "user": 1, "object_str": "Blog post 2", "content": {"pk": 7, "path": "0001000100010002", "depth": 4, "numchild": 0, "translation_key": "d5e518ed-8f47-4638-b7e2-25cb3bda2a51", "locale": 1, "latest_revision": 18, "live": false, "has_unpublished_changes": true, "first_published_at": null, "last_published_at": null, "live_revision": null, "go_live_at": null, "expire_at": null, "expired": false, "locked": false, "locked_at": null, "locked_by": null, "title": "Blog post 2", "draft_title": "Blog post 2", "slug": "blog-post-2", "content_type": 49, "url_path": "/home/blog/blog-post-2/", "owner": 1, "seo_title": "", "show_in_menus": false, "search_description": "", "latest_revision_created_at": "2022-09-27T11:56:41.333Z", "alias_of": null, "heading": "Career day", "date": "2022-09-28T14:49:12.430Z", "author": "Jungu", "image": 16, "body": "<p data-block-key=\"d7bh0\"><b>Lorem Ipsum</b> is simply dummy text of the printing and typesetting industry. Lorem Ipsum has been the industry&#x27;s standard dummy text ever since the 1500s, when an unknown printer took a galley of type and scrambled it to make a type specimen book. It has survived not only five centuries, but also the leap into electronic typesetting, remaining essentially unchanged. It was popularised in the 1960s with the release of Letraset sheets containing Lorem Ipsum passages, and more recently with desktop publishing software like Aldus PageMaker including versions of Lorem Ipsum.</p>", "wagtail_admin_comments": []}, "approved_go_live_at": null}}, {"model": "wagtailcore.revision", "pk": 36, "fields": {"content_type": 49, "base_content_type": 1, "object_id": "8", "submitted_for_moderation": false, "created_at": "2022-09-28T14:49:20.633Z", "user": 1, "object_str": "Blog post 3", "content": {"pk": 8, "path": "0001000100010003", "depth": 4, "numchild": 0, "translation_key": "d0267af6-c973-467e-82f7-0c9e56ad304c", "locale": 1, "latest_revision": 19, "live": false, "has_unpublished_changes": true, "first_published_at": null, "last_published_at": null, "live_revision": null, "go_live_at": null, "expire_at": null, "expired": false, "locked": false, "locked_at": null, "locked_by": null, "title": "Blog post 3", "draft_title": "Blog post 3", "slug": "blog-post-3", "content_type": 49, "url_path": "/home/blog/blog-post-3/", "owner": 1, "seo_title": "", "show_in_menus": false, "search_description": "", "latest_revision_created_at": "2022-09-27T11:58:23.879Z", "alias_of": null, "heading": "Enterprise", "date": "2022-09-28T14:49:20.632Z", "author": "Malrin", "image": 17, "body": "<p data-block-key=\"ete4t\"><b>Lorem Ipsum</b> is simply dummy text of the printing and typesetting industry. Lorem Ipsum has been the industry&#x27;s standard dummy text ever since the 1500s, when an unknown printer took a galley of type and scrambled it to make a type specimen book. It has survived not only five centuries, but also the leap into electronic typesetting, remaining essentially unchanged. It was popularised in the 1960s with the release of Letraset sheets containing Lorem Ipsum passages, and more recently with desktop publishing software like Aldus PageMaker including versions of Lorem Ipsum.</p>", "wagtail_admin_comments": []}, "approved_go_live_at": null}}, {"model": "wagtailcore.revision", "pk": 37, "fields": {"content_type": 49, "base_content_type": 1, "object_id": "9", "submitted_for_moderation": false, "created_at": "2022-09-28T14:49:26.226Z", "user": 1, "object_str": "Blog post 4", "content": {"pk": 9, "path": "0001000100010004", "depth": 4, "numchild": 0, "translation_key": "89f58cd8-3616-4a3a-8fb1-051ac0569da2", "locale": 1, "latest_revision": 20, "live": false, "has_unpublished_changes": true, "first_published_at": null, "last_published_at": null, "live_revision": null, "go_live_at": null, "expire_at": null, "expired": false, "locked": false, "locked_at": null, "locked_by": null, "title": "Blog post 4", "draft_title": "Blog post 4", "slug": "blog-post-4", "content_type": 49, "url_path": "/home/blog/blog-post-4/", "owner": 1, "seo_title": "", "show_in_menus": false, "search_description": "", "latest_revision_created_at": "2022-09-27T11:59:31.767Z", "alias_of": null, "heading": "Open life", "date": "2022-09-28T14:49:26.226Z", "author": "Vince", "image": 18, "body": "<p data-block-key=\"rb75y\"><b>Lorem Ipsum</b> is simply dummy text of the printing and typesetting industry. Lorem Ipsum has been the industry&#x27;s standard dummy text ever since the 1500s, when an unknown printer took a galley of type and scrambled it to make a type specimen book. It has survived not only five centuries, but also the leap into electronic typesetting, remaining essentially unchanged. It was popularised in the 1960s with the release of Letraset sheets containing Lorem Ipsum passages, and more recently with desktop publishing software like Aldus PageMaker including versions of Lorem Ipsum.</p>", "wagtail_admin_comments": []}, "approved_go_live_at": null}}, {"model": "wagtailcore.revision", "pk": 38, "fields": {"content_type": 49, "base_content_type": 1, "object_id": "10", "submitted_for_moderation": false, "created_at": "2022-09-28T14:49:32.595Z", "user": 1, "object_str": "Blog post 5", "content": {"pk": 10, "path": "0001000100010005", "depth": 4, "numchild": 0, "translation_key": "7e6ec78b-23c2-485e-b12f-3342568aad1e", "locale": 1, "latest_revision": 21, "live": false, "has_unpublished_changes": true, "first_published_at": null, "last_published_at": null, "live_revision": null, "go_live_at": null, "expire_at": null, "expired": false, "locked": false, "locked_at": null, "locked_by": null, "title": "Blog post 5", "draft_title": "Blog post 5", "slug": "blog-post-5", "content_type": 49, "url_path": "/home/blog/blog-post-5/", "owner": 1, "seo_title": "", "show_in_menus": false, "search_description": "", "latest_revision_created_at": "2022-09-27T12:00:28.715Z", "alias_of": null, "heading": "Journal", "date": "2022-09-28T14:49:32.595Z", "author": "Rita", "image": 19, "body": "<p data-block-key=\"ahwda\"><b>Lorem Ipsum</b> is simply dummy text of the printing and typesetting industry. Lorem Ipsum has been the industry&#x27;s standard dummy text ever since the 1500s, when an unknown printer took a galley of type and scrambled it to make a type specimen book. It has survived not only five centuries, but also the leap into electronic typesetting, remaining essentially unchanged. It was popularised in the 1960s with the release of Letraset sheets containing Lorem Ipsum passages, and more recently with desktop publishing software like Aldus PageMaker including versions of Lorem Ipsum.</p>", "wagtail_admin_comments": []}, "approved_go_live_at": null}}, {"model": "wagtailcore.revision", "pk": 39, "fields": {"content_type": 49, "base_content_type": 1, "object_id": "11", "submitted_for_moderation": false, "created_at": "2022-09-28T14:49:38.015Z", "user": 1, "object_str": "Blog post 6", "content": {"pk": 11, "path": "0001000100010006", "depth": 4, "numchild": 0, "translation_key": "7bdeb8c9-1269-490c-b60c-6717a66a59c4", "locale": 1, "latest_revision": 22, "live": false, "has_unpublished_changes": true, "first_published_at": null, "last_published_at": null, "live_revision": null, "go_live_at": null, "expire_at": null, "expired": false, "locked": false, "locked_at": null, "locked_by": null, "title": "Blog post 6", "draft_title": "Blog post 6", "slug": "blog-post-6", "content_type": 49, "url_path": "/home/blog/blog-post-6/", "owner": 1, "seo_title": "", "show_in_menus": false, "search_description": "", "latest_revision_created_at": "2022-09-27T12:01:42.478Z", "alias_of": null, "heading": "Rainy Wins", "date": "2022-09-28T14:49:38.015Z", "author": "Boron", "image": 20, "body": "<p data-block-key=\"7l7bp\"><b>Lorem Ipsum</b> is simply dummy text of the printing and typesetting industry. Lorem Ipsum has been the industry&#x27;s standard dummy text ever since the 1500s, when an unknown printer took a galley of type and scrambled it to make a type specimen book. It has survived not only five centuries, but also the leap into electronic typesetting, remaining essentially unchanged. It was popularised in the 1960s with the release of Letraset sheets containing Lorem Ipsum passages, and more recently with desktop publishing software like Aldus PageMaker including versions of Lorem Ipsum.</p>", "wagtail_admin_comments": []}, "approved_go_live_at": null}}, {"model": "wagtailcore.revision", "pk": 40, "fields": {"content_type": 56, "base_content_type": 1, "object_id": "14", "submitted_for_moderation": false, "created_at": "2022-10-15T16:51:46.451Z", "user": 1, "object_str": "services", "content": {"pk": 14, "path": "000100010005", "depth": 3, "numchild": 0, "translation_key": "57fd85b5-3499-4303-8474-bd46f493f70f", "locale": 1, "latest_revision": null, "live": true, "has_unpublished_changes": false, "first_published_at": null, "last_published_at": null, "live_revision": null, "go_live_at": null, "expire_at": null, "expired": false, "locked": false, "locked_at": null, "locked_by": null, "title": "services", "draft_title": "services", "slug": "services", "content_type": 56, "url_path": "/home/services/", "owner": 1, "seo_title": "", "show_in_menus": false, "search_description": "", "latest_revision_created_at": null, "alias_of": null, "intro": "<p data-block-key=\"vxbel\">Our services</p>", "wagtail_admin_comments": []}, "approved_go_live_at": null}}, {"model": "wagtailcore.revision", "pk": 41, "fields": {"content_type": 50, "base_content_type": 1, "object_id": "15", "submitted_for_moderation": false, "created_at": "2022-10-15T17:05:45.624Z", "user": 1, "object_str": "Service 2", "content": {"pk": 15, "path": "00010001000500010001", "depth": 5, "numchild": 0, "translation_key": "db7c0ec8-f700-4091-91a4-0de6a95410ee", "locale": 1, "latest_revision": null, "live": true, "has_unpublished_changes": false, "first_published_at": null, "last_published_at": null, "live_revision": null, "go_live_at": null, "expire_at": null, "expired": false, "locked": false, "locked_at": null, "locked_by": null, "title": "Service 2", "draft_title": "Service 2", "slug": "service-2", "content_type": 50, "url_path": "/home/services/service-1/service-2/", "owner": 1, "seo_title": "", "show_in_menus": false, "search_description": "", "latest_revision_created_at": null, "alias_of": null, "service_name": "Financial Avice", "cover_image": 18, "content": "<p data-block-key=\"4600m\"><b>In November, when I defended my own work against the falsehood, I began noticing that it endures despite strong evidence that marginalized groups gain the most from norms that protect free expression and are harmed most grievously by limits on free speech, even when well-intentioned.</b></p>", "wagtail_admin_comments": []}, "approved_go_live_at": null}}, {"model": "wagtailcore.revision", "pk": 42, "fields": {"content_type": 2, "base_content_type": 1, "object_id": "3", "submitted_for_moderation": false, "created_at": "2022-10-16T08:15:38.551Z", "user": 1, "object_str": "Home", "content": {"pk": 3, "path": "00010001", "depth": 2, "numchild": 5, "translation_key": "7a291573-6dcb-4d57-becd-5e74cfbdebdd", "locale": 1, "latest_revision": 34, "live": true, "has_unpublished_changes": false, "first_published_at": "2022-09-22T07:54:59.235Z", "last_published_at": "2022-09-28T14:29:19.341Z", "live_revision": 34, "go_live_at": null, "expire_at": null, "expired": false, "locked": false, "locked_at": null, "locked_by": null, "title": "Home", "draft_title": "Home", "slug": "home", "content_type": 2, "url_path": "/home/", "owner": null, "seo_title": "", "show_in_menus": false, "search_description": "", "latest_revision_created_at": "2022-09-28T14:29:19.302Z", "alias_of": null, "b_image": 22, "head_msg": "Professional Life Coaching with Vincent", "head_body": "<p data-block-key=\"zx9zm\">Professional Life coach and advisor</p>", "head_btn_link": "<p data-block-key=\"nc7i6\"><a id=\"13\" linktype=\"page\">Free Consultation</a></p>", "pic": 7, "info": "<p data-block-key=\"uz3hg\">Lorem ipsum dolor sit amet, consectetur adipiscing elit. Ut elit tellus, luctus nec ullamcorper mattis, pulvinar dapibus leo. Ut elit tellus, luctus nec ullamcorper mattis, pulvinar dapibus leo.<br/>Lorem Ipsum <i>consectetuer adipiscing elit. Lorem ipsum dolor sit amet. Lorem ipsum dolor lorem lorem</i></p><ul><li data-block-key=\"fm8f1\">Nsectetur cing elit so you need to prioze thse tass <a id=\"13\" linktype=\"page\">into</a>.</li><li data-block-key=\"esug\">Suspe ndisse suscipit sagittis leo in pety of casos.</li><li data-block-key=\"2nbof\">Entum estibulum dignissim posuere.</li></ul>", "link": "<p data-block-key=\"kpv6i\"><a id=\"13\" linktype=\"page\">Free Consultation</a></p>", "team": "[{\"type\": \"teammate\", \"value\": {\"photo\": 8, \"name\": \"Vincent Oj\", \"details\": \"CEO\"}, \"id\": \"799b8168-200b-4b77-85b6-35ef8c018e19\"}, {\"type\": \"teammate\", \"value\": {\"photo\": 9, \"name\": \"Carina Coop\", \"details\": \"Therapist\"}, \"id\": \"57f75e9e-1158-4c6f-9897-0d1153b71872\"}, {\"type\": \"teammate\", \"value\": {\"photo\": 10, \"name\": \"Lisa Osbon\", \"details\": \"Financial Advisor\"}, \"id\": \"e462dde0-7cda-499e-a1f3-0a43fefd31c1\"}, {\"type\": \"teammate\", \"value\": {\"photo\": 11, \"name\": \"Mark Donalds\", \"details\": \"Entrepreneural Advisor\"}, \"id\": \"b4991696-bdb2-4553-9054-8a35a74f5a58\"}]", "contact_phone": "256774559687", "contact_email": "ojaravincent5@gmail.com", "contact_location": "Kampala, Uganda", "wagtail_admin_comments": [], "our_prices": [{"pk": 1, "sort_order": 0, "page": 3, "price_type": "Basic", "price": "Ushs 50,000/=", "basis": "per hour", "breakdown": "<p data-block-key=\"86mr5\">One-on-one zoom meeting<br/>1 exercise<br/>Medical prescription if needed<br/>1 followup session free</p>", "order_link": "Book Now"}, {"pk": 2, "sort_order": 1, "page": 3, "price_type": "Group", "price": "Ushs 250,000/=", "basis": "per hour (1-5 people)", "breakdown": "<p data-block-key=\"feeov\">One-on-one zoom meeting<br/>1 exercise per person<br/>Medical prescription if needed<br/>1 followup physical free</p>", "order_link": "Book Now"}, {"pk": 3, "sort_order": 2, "page": 3, "price_type": "Premium -Single", "price": "Ushs 150,000", "basis": "per hour", "breakdown": "<p data-block-key=\"feeov\">Physical meeting<br/>3 exercise<br/>Medical prescription if needed<br/>2 followup session free</p><p data-block-key=\"2364v\">A free e-book</p>", "order_link": "Book Now"}], "our_services": [{"pk": 1, "sort_order": 0, "page": 3, "icon": 3, "service": "Enterpreneurship Guidance", "description": "<p data-block-key=\"8qwbl\">Lorem Ipsum <i>consectetuer adipiscing elit. Lorem ipsum dolor sit amet. Lorem ipsum dolor lorem lorem</i></p>"}, {"pk": 2, "sort_order": 1, "page": 3, "icon": 4, "service": "Financial Literacty", "description": "<p data-block-key=\"8qwbl\">Lorem Ipsum <i>consectetuer adipiscing elit. Lorem ipsum dolor sit amet. Lorem ipsum dolor lorem lorem</i></p>"}, {"pk": 3, "sort_order": 2, "page": 3, "icon": 5, "service": "Work Life Balance", "description": "<p data-block-key=\"8qwbl\">Lorem Ipsum <i>consectetuer adipiscing elit. Lorem ipsum dolor sit amet. Lorem ipsum dolor lorem lorem</i></p>"}, {"pk": 4, "sort_order": 3, "page": 3, "icon": 6, "service": "Important Decision Making", "description": "<p data-block-key=\"8qwbl\">Lorem Ipsum <i>consectetuer adipiscing elit. Lorem ipsum dolor sit amet. Lorem ipsum dolor lorem lorem</i></p>"}, {"pk": 5, "sort_order": 4, "page": 3, "icon": 2, "service": "Career Mentorship", "description": "<p data-block-key=\"q3oy9\">Lorem Ipsum <i>consectetuer adipiscing elit. Lorem ipsum dolor sit amet. Lorem ipsum dolor lorem lorem</i></p>"}]}, "approved_go_live_at": null}}, {"model": "wagtailcore.grouppagepermission", "pk": 1, "fields": {"group": 1, "page": 1, "permission_type": "add"}}, {"model": "wagtailcore.grouppagepermission", "pk": 2, "fields": {"group": 1, "page": 1, "permission_type": "edit"}}, {"model": "wagtailcore.grouppagepermission", "pk": 3, "fields": {"group": 1, "page": 1, "permission_type": "publish"}}, {"model": "wagtailcore.grouppagepermission", "pk": 4, "fields": {"group": 2, "page": 1, "permission_type": "add"}}, {"model": "wagtailcore.grouppagepermission", "pk": 5, "fields": {"group": 2, "page": 1, "permission_type": "edit"}}, {"model": "wagtailcore.grouppagepermission", "pk": 6, "fields": {"group": 1, "page": 1, "permission_type": "lock"}}, {"model": "wagtailcore.grouppagepermission", "pk": 7, "fields": {"group": 1, "page": 1, "permission_type": "unlock"}}, {"model": "wagtailcore.workflowpage", "pk": 1, "fields": {"workflow": 1}}, {"model": "wagtailcore.workflowtask", "pk": 1, "fields": {"sort_order": 0, "workflow": 1, "task": 1}}, {"model": "wagtailcore.task", "pk": 1, "fields": {"name": "Moderators approval", "content_type": 4, "active": true}}, {"model": "wagtailcore.workflow", "pk": 1, "fields": {"name": "Moderators approval", "active": true}}, {"model": "wagtailcore.groupapprovaltask", "pk": 1, "fields": {"groups": [1]}}, {"model": "wagtailcore.pagelogentry", "pk": 1, "fields": {"content_type": 2, "label": "Home", "action": "wagtail.edit", "data": {}, "timestamp": "2022-09-22T07:54:59.220Z", "uuid": "6a970826-b3b7-4848-a6a4-8f6c86c67ca5", "user": 1, "revision": 1, "content_changed": true, "deleted": false, "page": 3}}, {"model": "wagtailcore.pagelogentry", "pk": 2, "fields": {"content_type": 2, "label": "Home", "action": "wagtail.publish", "data": {}, "timestamp": "2022-09-22T07:54:59.326Z", "uuid": "6a970826-b3b7-4848-a6a4-8f6c86c67ca5", "user": 1, "revision": 1, "content_changed": true, "deleted": false, "page": 3}}, {"model": "wagtailcore.pagelogentry", "pk": 3, "fields": {"content_type": 2, "label": "Home", "action": "wagtail.edit", "data": {}, "timestamp": "2022-09-22T13:16:53.201Z", "uuid": "a238b9b4-ff46-453d-8a9e-e9ad5c32614b", "user": 1, "revision": 2, "content_changed": true, "deleted": false, "page": 3}}, {"model": "wagtailcore.pagelogentry", "pk": 4, "fields": {"content_type": 2, "label": "Home", "action": "wagtail.edit", "data": {}, "timestamp": "2022-09-22T13:17:52.688Z", "uuid": "cec9e8f4-9870-4173-a32e-941692a09075", "user": 1, "revision": 3, "content_changed": true, "deleted": false, "page": 3}}, {"model": "wagtailcore.pagelogentry", "pk": 5, "fields": {"content_type": 2, "label": "Home", "action": "wagtail.publish", "data": {}, "timestamp": "2022-09-22T13:17:52.742Z", "uuid": "cec9e8f4-9870-4173-a32e-941692a09075", "user": 1, "revision": 3, "content_changed": true, "deleted": false, "page": 3}}, {"model": "wagtailcore.pagelogentry", "pk": 6, "fields": {"content_type": 2, "label": "Home", "action": "wagtail.edit", "data": {}, "timestamp": "2022-09-22T13:20:00.209Z", "uuid": "63f07d08-e054-45b7-9608-03a32bd7da40", "user": 1, "revision": 4, "content_changed": true, "deleted": false, "page": 3}}, {"model": "wagtailcore.pagelogentry", "pk": 7, "fields": {"content_type": 2, "label": "Home", "action": "wagtail.publish", "data": {}, "timestamp": "2022-09-22T13:20:00.268Z", "uuid": "63f07d08-e054-45b7-9608-03a32bd7da40", "user": 1, "revision": 4, "content_changed": true, "deleted": false, "page": 3}}, {"model": "wagtailcore.pagelogentry", "pk": 8, "fields": {"content_type": 2, "label": "Home", "action": "wagtail.edit", "data": {}, "timestamp": "2022-09-22T13:21:47.248Z", "uuid": "a6e7770a-8c66-4d8c-8945-a7438e59bdc1", "user": 1, "revision": 5, "content_changed": true, "deleted": false, "page": 3}}, {"model": "wagtailcore.pagelogentry", "pk": 9, "fields": {"content_type": 2, "label": "Home", "action": "wagtail.publish", "data": {}, "timestamp": "2022-09-22T13:21:47.309Z", "uuid": "a6e7770a-8c66-4d8c-8945-a7438e59bdc1", "user": 1, "revision": 5, "content_changed": true, "deleted": false, "page": 3}}, {"model": "wagtailcore.pagelogentry", "pk": 10, "fields": {"content_type": 2, "label": "Home", "action": "wagtail.edit", "data": {}, "timestamp": "2022-09-23T06:42:53.960Z", "uuid": "c585dbce-25cf-41fd-a7ec-2448c3a2262c", "user": 1, "revision": 6, "content_changed": true, "deleted": false, "page": 3}}, {"model": "wagtailcore.pagelogentry", "pk": 11, "fields": {"content_type": 2, "label": "Home", "action": "wagtail.edit", "data": {}, "timestamp": "2022-09-23T06:45:24.491Z", "uuid": "a644a58f-9f41-4ded-aae9-1b591ec70134", "user": 1, "revision": 7, "content_changed": true, "deleted": false, "page": 3}}, {"model": "wagtailcore.pagelogentry", "pk": 12, "fields": {"content_type": 2, "label": "Home", "action": "wagtail.edit", "data": {}, "timestamp": "2022-09-23T06:52:04.809Z", "uuid": "0505ac2d-b70d-4332-baba-fe9c1b2e71ad", "user": 1, "revision": 8, "content_changed": true, "deleted": false, "page": 3}}, {"model": "wagtailcore.pagelogentry", "pk": 13, "fields": {"content_type": 2, "label": "Home", "action": "wagtail.edit", "data": {}, "timestamp": "2022-09-23T06:57:27.975Z", "uuid": "ca504a72-5e3a-4f7d-a1e3-164cb565d553", "user": 1, "revision": 9, "content_changed": true, "deleted": false, "page": 3}}, {"model": "wagtailcore.pagelogentry", "pk": 14, "fields": {"content_type": 2, "label": "Home", "action": "wagtail.publish", "data": {}, "timestamp": "2022-09-23T06:57:28.041Z", "uuid": "ca504a72-5e3a-4f7d-a1e3-164cb565d553", "user": 1, "revision": 9, "content_changed": true, "deleted": false, "page": 3}}, {"model": "wagtailcore.pagelogentry", "pk": 15, "fields": {"content_type": 2, "label": "Home", "action": "wagtail.edit", "data": {}, "timestamp": "2022-09-26T12:53:02.706Z", "uuid": "214e5d07-08ed-4430-a08f-08ddbae3e475", "user": 1, "revision": 10, "content_changed": true, "deleted": false, "page": 3}}, {"model": "wagtailcore.pagelogentry", "pk": 16, "fields": {"content_type": 2, "label": "Home", "action": "wagtail.publish", "data": {}, "timestamp": "2022-09-26T12:53:02.762Z", "uuid": "214e5d07-08ed-4430-a08f-08ddbae3e475", "user": 1, "revision": 10, "content_changed": true, "deleted": false, "page": 3}}, {"model": "wagtailcore.pagelogentry", "pk": 17, "fields": {"content_type": 2, "label": "Home", "action": "wagtail.edit", "data": {}, "timestamp": "2022-09-26T14:44:48.005Z", "uuid": "99c30622-6934-4058-a4f4-fc82af9d49df", "user": 1, "revision": 11, "content_changed": true, "deleted": false, "page": 3}}, {"model": "wagtailcore.pagelogentry", "pk": 18, "fields": {"content_type": 2, "label": "Home", "action": "wagtail.publish", "data": {}, "timestamp": "2022-09-26T14:44:48.057Z", "uuid": "99c30622-6934-4058-a4f4-fc82af9d49df", "user": 1, "revision": 11, "content_changed": true, "deleted": false, "page": 3}}, {"model": "wagtailcore.pagelogentry", "pk": 19, "fields": {"content_type": 2, "label": "Home", "action": "wagtail.edit", "data": {}, "timestamp": "2022-09-26T14:49:13.415Z", "uuid": "766dba39-19f8-46fd-824b-0e488d956983", "user": 1, "revision": 12, "content_changed": true, "deleted": false, "page": 3}}, {"model": "wagtailcore.pagelogentry", "pk": 20, "fields": {"content_type": 2, "label": "Home", "action": "wagtail.publish", "data": {}, "timestamp": "2022-09-26T14:49:13.471Z", "uuid": "766dba39-19f8-46fd-824b-0e488d956983", "user": 1, "revision": 12, "content_changed": true, "deleted": false, "page": 3}}, {"model": "wagtailcore.pagelogentry", "pk": 21, "fields": {"content_type": 48, "label": "blog", "action": "wagtail.create", "data": {}, "timestamp": "2022-09-27T07:37:41.758Z", "uuid": "acac1327-2ae0-4ec1-88a0-b4f180aa67ef", "user": 1, "revision": null, "content_changed": true, "deleted": false, "page": 4}}, {"model": "wagtailcore.pagelogentry", "pk": 22, "fields": {"content_type": 48, "label": "blog", "action": "wagtail.publish", "data": {}, "timestamp": "2022-09-27T07:37:41.803Z", "uuid": "acac1327-2ae0-4ec1-88a0-b4f180aa67ef", "user": 1, "revision": 13, "content_changed": true, "deleted": false, "page": 4}}, {"model": "wagtailcore.pagelogentry", "pk": 23, "fields": {"content_type": 47, "label": "About", "action": "wagtail.create", "data": {}, "timestamp": "2022-09-27T07:50:16.630Z", "uuid": "07725781-75a8-4efc-a1e8-36e8f9877edb", "user": 1, "revision": null, "content_changed": true, "deleted": false, "page": 5}}, {"model": "wagtailcore.pagelogentry", "pk": 24, "fields": {"content_type": 48, "label": "blog", "action": "wagtail.edit", "data": {}, "timestamp": "2022-09-27T11:33:13.304Z", "uuid": "ce229f53-b48d-49ad-875f-6d083f31c1b4", "user": 1, "revision": 15, "content_changed": true, "deleted": false, "page": 4}}, {"model": "wagtailcore.pagelogentry", "pk": 25, "fields": {"content_type": 48, "label": "blog", "action": "wagtail.publish", "data": {}, "timestamp": "2022-09-27T11:33:13.338Z", "uuid": "ce229f53-b48d-49ad-875f-6d083f31c1b4", "user": 1, "revision": 15, "content_changed": true, "deleted": false, "page": 4}}, {"model": "wagtailcore.pagelogentry", "pk": 26, "fields": {"content_type": 49, "label": "Blog post", "action": "wagtail.create", "data": {}, "timestamp": "2022-09-27T11:45:09.095Z", "uuid": "0d9912ea-6ca6-4747-8116-60117920866e", "user": 1, "revision": null, "content_changed": true, "deleted": false, "page": 6}}, {"model": "wagtailcore.pagelogentry", "pk": 27, "fields": {"content_type": 49, "label": "Blog post", "action": "wagtail.publish", "data": {}, "timestamp": "2022-09-27T11:45:09.148Z", "uuid": "0d9912ea-6ca6-4747-8116-60117920866e", "user": 1, "revision": 16, "content_changed": true, "deleted": false, "page": 6}}, {"model": "wagtailcore.pagelogentry", "pk": 28, "fields": {"content_type": 49, "label": "Blog post 1", "action": "wagtail.edit", "data": {}, "timestamp": "2022-09-27T11:45:53.930Z", "uuid": "1e73a3da-cf73-4db8-9828-7f3981f04b42", "user": 1, "revision": 17, "content_changed": true, "deleted": false, "page": 6}}, {"model": "wagtailcore.pagelogentry", "pk": 29, "fields": {"content_type": 49, "label": "Blog post 2", "action": "wagtail.create", "data": {}, "timestamp": "2022-09-27T11:56:41.321Z", "uuid": "ddb5681d-c108-41b7-8065-fed86d896b77", "user": 1, "revision": null, "content_changed": true, "deleted": false, "page": 7}}, {"model": "wagtailcore.pagelogentry", "pk": 30, "fields": {"content_type": 49, "label": "Blog post 3", "action": "wagtail.create", "data": {}, "timestamp": "2022-09-27T11:58:23.868Z", "uuid": "5250ef94-98ed-43fb-bd7b-f8f5f42c42cb", "user": 1, "revision": null, "content_changed": true, "deleted": false, "page": 8}}, {"model": "wagtailcore.pagelogentry", "pk": 31, "fields": {"content_type": 49, "label": "Blog post 4", "action": "wagtail.create", "data": {}, "timestamp": "2022-09-27T11:59:31.754Z", "uuid": "bc06f9b6-56aa-4535-9925-c6e9246f3531", "user": 1, "revision": null, "content_changed": true, "deleted": false, "page": 9}}, {"model": "wagtailcore.pagelogentry", "pk": 32, "fields": {"content_type": 49, "label": "Blog post 5", "action": "wagtail.create", "data": {}, "timestamp": "2022-09-27T12:00:28.702Z", "uuid": "064c1905-f53d-41b3-bffa-51fccb15c6bb", "user": 1, "revision": null, "content_changed": true, "deleted": false, "page": 10}}, {"model": "wagtailcore.pagelogentry", "pk": 33, "fields": {"content_type": 49, "label": "Blog post 6", "action": "wagtail.create", "data": {}, "timestamp": "2022-09-27T12:01:42.468Z", "uuid": "5a4f4791-1ead-498d-b509-8ab351b70e77", "user": 1, "revision": null, "content_changed": true, "deleted": false, "page": 11}}, {"model": "wagtailcore.pagelogentry", "pk": 34, "fields": {"content_type": 50, "label": "Service 1", "action": "wagtail.create", "data": {}, "timestamp": "2022-09-27T12:50:31.412Z", "uuid": "2c658f61-6437-43a4-84ae-a92c701e2972", "user": 1, "revision": null, "content_changed": true, "deleted": false, "page": 12}}, {"model": "wagtailcore.pagelogentry", "pk": 35, "fields": {"content_type": 50, "label": "Service 1", "action": "wagtail.edit", "data": {}, "timestamp": "2022-09-27T12:52:55.421Z", "uuid": "283ca3dd-5028-4c0b-8ebc-8190da7ca674", "user": 1, "revision": 24, "content_changed": true, "deleted": false, "page": 12}}, {"model": "wagtailcore.pagelogentry", "pk": 36, "fields": {"content_type": 50, "label": "Service 1", "action": "wagtail.publish", "data": {}, "timestamp": "2022-09-27T12:52:55.457Z", "uuid": "283ca3dd-5028-4c0b-8ebc-8190da7ca674", "user": 1, "revision": 24, "content_changed": false, "deleted": false, "page": 12}}, {"model": "wagtailcore.pagelogentry", "pk": 37, "fields": {"content_type": 50, "label": "Service 1", "action": "wagtail.edit", "data": {}, "timestamp": "2022-09-27T13:02:48.803Z", "uuid": "3d47dbd5-4a4c-49ad-865c-49d1c7a409cf", "user": 1, "revision": 25, "content_changed": true, "deleted": false, "page": 12}}, {"model": "wagtailcore.pagelogentry", "pk": 38, "fields": {"content_type": 50, "label": "Service 1", "action": "wagtail.publish", "data": {}, "timestamp": "2022-09-27T13:02:48.838Z", "uuid": "3d47dbd5-4a4c-49ad-865c-49d1c7a409cf", "user": 1, "revision": 25, "content_changed": false, "deleted": false, "page": 12}}, {"model": "wagtailcore.pagelogentry", "pk": 39, "fields": {"content_type": 52, "label": "Contact Us", "action": "wagtail.create", "data": {}, "timestamp": "2022-09-27T13:54:57.803Z", "uuid": "71fbf7f8-54c3-473c-a28e-950d5d6f0b47", "user": 1, "revision": null, "content_changed": true, "deleted": false, "page": 13}}, {"model": "wagtailcore.pagelogentry", "pk": 40, "fields": {"content_type": 52, "label": "Contact Us", "action": "wagtail.edit", "data": {}, "timestamp": "2022-09-27T13:55:13.299Z", "uuid": "97c11d4c-d35e-499a-a05a-8d4b63dad7ba", "user": 1, "revision": 27, "content_changed": true, "deleted": false, "page": 13}}, {"model": "wagtailcore.pagelogentry", "pk": 41, "fields": {"content_type": 52, "label": "Contact Us", "action": "wagtail.publish", "data": {}, "timestamp": "2022-09-27T13:55:13.340Z", "uuid": "97c11d4c-d35e-499a-a05a-8d4b63dad7ba", "user": 1, "revision": 27, "content_changed": false, "deleted": false, "page": 13}}, {"model": "wagtailcore.pagelogentry", "pk": 42, "fields": {"content_type": 52, "label": "Contact Form", "action": "wagtail.edit", "data": {}, "timestamp": "2022-09-27T14:01:02.171Z", "uuid": "6ab9fdde-41ee-41db-b674-5ae4b2a64fb2", "user": 1, "revision": 28, "content_changed": true, "deleted": false, "page": 13}}, {"model": "wagtailcore.pagelogentry", "pk": 43, "fields": {"content_type": 52, "label": "Contact Form", "action": "wagtail.edit", "data": {}, "timestamp": "2022-09-27T14:01:05.202Z", "uuid": "a7de4364-eec8-4fe7-847f-6beea007fa93", "user": 1, "revision": 29, "content_changed": true, "deleted": false, "page": 13}}, {"model": "wagtailcore.pagelogentry", "pk": 44, "fields": {"content_type": 52, "label": "Contact Form", "action": "wagtail.rename", "data": {"title": {"old": "Contact Us", "new": "Contact Form"}}, "timestamp": "2022-09-27T14:01:05.242Z", "uuid": "a7de4364-eec8-4fe7-847f-6beea007fa93", "user": 1, "revision": 29, "content_changed": false, "deleted": false, "page": 13}}, {"model": "wagtailcore.pagelogentry", "pk": 45, "fields": {"content_type": 52, "label": "Contact Form", "action": "wagtail.publish", "data": {"title": {"old": "Contact Us", "new": "Contact Form"}}, "timestamp": "2022-09-27T14:01:05.246Z", "uuid": "a7de4364-eec8-4fe7-847f-6beea007fa93", "user": 1, "revision": 29, "content_changed": false, "deleted": false, "page": 13}}, {"model": "wagtailcore.pagelogentry", "pk": 46, "fields": {"content_type": 52, "label": "Contact Form", "action": "wagtail.edit", "data": {}, "timestamp": "2022-09-28T05:02:03.004Z", "uuid": "77344d4d-1877-48f4-9282-455a4aaa624b", "user": 1, "revision": 30, "content_changed": true, "deleted": false, "page": 13}}, {"model": "wagtailcore.pagelogentry", "pk": 47, "fields": {"content_type": 2, "label": "Home", "action": "wagtail.edit", "data": {}, "timestamp": "2022-09-28T10:24:58.325Z", "uuid": "a6127f7f-f2cf-48d5-984c-29fc3c47fcfd", "user": 1, "revision": 31, "content_changed": true, "deleted": false, "page": 3}}, {"model": "wagtailcore.pagelogentry", "pk": 48, "fields": {"content_type": 2, "label": "Home", "action": "wagtail.publish", "data": {}, "timestamp": "2022-09-28T10:24:58.387Z", "uuid": "a6127f7f-f2cf-48d5-984c-29fc3c47fcfd", "user": 1, "revision": 31, "content_changed": true, "deleted": false, "page": 3}}, {"model": "wagtailcore.pagelogentry", "pk": 49, "fields": {"content_type": 52, "label": "Contact Form", "action": "wagtail.edit", "data": {}, "timestamp": "2022-09-28T13:16:15.578Z", "uuid": "a1c37a64-edfe-4ede-be19-bcbc812f8c0c", "user": 1, "revision": 32, "content_changed": true, "deleted": false, "page": 13}}, {"model": "wagtailcore.pagelogentry", "pk": 50, "fields": {"content_type": 52, "label": "Contact Form", "action": "wagtail.publish", "data": {}, "timestamp": "2022-09-28T13:16:15.616Z", "uuid": "a1c37a64-edfe-4ede-be19-bcbc812f8c0c", "user": 1, "revision": 32, "content_changed": false, "deleted": false, "page": 13}}, {"model": "wagtailcore.pagelogentry", "pk": 51, "fields": {"content_type": 47, "label": "About", "action": "wagtail.edit", "data": {}, "timestamp": "2022-09-28T13:17:04.133Z", "uuid": "9c673c0a-6bb7-4a77-a147-7b4347d94b6d", "user": 1, "revision": 33, "content_changed": true, "deleted": false, "page": 5}}, {"model": "wagtailcore.pagelogentry", "pk": 52, "fields": {"content_type": 47, "label": "About", "action": "wagtail.publish", "data": {}, "timestamp": "2022-09-28T13:17:04.166Z", "uuid": "9c673c0a-6bb7-4a77-a147-7b4347d94b6d", "user": 1, "revision": 33, "content_changed": false, "deleted": false, "page": 5}}, {"model": "wagtailcore.pagelogentry", "pk": 53, "fields": {"content_type": 2, "label": "Home", "action": "wagtail.edit", "data": {}, "timestamp": "2022-09-28T14:29:19.317Z", "uuid": "092fb211-e82a-471f-b22b-27051383b1b1", "user": 1, "revision": 34, "content_changed": true, "deleted": false, "page": 3}}, {"model": "wagtailcore.pagelogentry", "pk": 54, "fields": {"content_type": 2, "label": "Home", "action": "wagtail.publish", "data": {}, "timestamp": "2022-09-28T14:29:19.370Z", "uuid": "092fb211-e82a-471f-b22b-27051383b1b1", "user": 1, "revision": 34, "content_changed": true, "deleted": false, "page": 3}}, {"model": "wagtailcore.pagelogentry", "pk": 55, "fields": {"content_type": 49, "label": "Blog post 2", "action": "wagtail.edit", "data": {}, "timestamp": "2022-09-28T14:49:12.441Z", "uuid": "c8845c0d-9959-4d9e-99b1-d320aa1c4450", "user": 1, "revision": 35, "content_changed": true, "deleted": false, "page": 7}}, {"model": "wagtailcore.pagelogentry", "pk": 56, "fields": {"content_type": 49, "label": "Blog post 2", "action": "wagtail.publish", "data": {}, "timestamp": "2022-09-28T14:49:12.475Z", "uuid": "c8845c0d-9959-4d9e-99b1-d320aa1c4450", "user": 1, "revision": 35, "content_changed": false, "deleted": false, "page": 7}}, {"model": "wagtailcore.pagelogentry", "pk": 57, "fields": {"content_type": 49, "label": "Blog post 3", "action": "wagtail.edit", "data": {}, "timestamp": "2022-09-28T14:49:20.644Z", "uuid": "1b7487f0-4a15-43fa-9e27-1ddec8afc4aa", "user": 1, "revision": 36, "content_changed": true, "deleted": false, "page": 8}}, {"model": "wagtailcore.pagelogentry", "pk": 58, "fields": {"content_type": 49, "label": "Blog post 3", "action": "wagtail.publish", "data": {}, "timestamp": "2022-09-28T14:49:20.676Z", "uuid": "1b7487f0-4a15-43fa-9e27-1ddec8afc4aa", "user": 1, "revision": 36, "content_changed": false, "deleted": false, "page": 8}}, {"model": "wagtailcore.pagelogentry", "pk": 59, "fields": {"content_type": 49, "label": "Blog post 4", "action": "wagtail.edit", "data": {}, "timestamp": "2022-09-28T14:49:26.237Z", "uuid": "9c0df6b7-2e8e-432a-8fed-4d8c04477f4f", "user": 1, "revision": 37, "content_changed": true, "deleted": false, "page": 9}}, {"model": "wagtailcore.pagelogentry", "pk": 60, "fields": {"content_type": 49, "label": "Blog post 4", "action": "wagtail.publish", "data": {}, "timestamp": "2022-09-28T14:49:26.271Z", "uuid": "9c0df6b7-2e8e-432a-8fed-4d8c04477f4f", "user": 1, "revision": 37, "content_changed": false, "deleted": false, "page": 9}}, {"model": "wagtailcore.pagelogentry", "pk": 61, "fields": {"content_type": 49, "label": "Blog post 5", "action": "wagtail.edit", "data": {}, "timestamp": "2022-09-28T14:49:32.605Z", "uuid": "a3b0d8ca-4d35-4250-90fc-69d8b9d20ec8", "user": 1, "revision": 38, "content_changed": true, "deleted": false, "page": 10}}, {"model": "wagtailcore.pagelogentry", "pk": 62, "fields": {"content_type": 49, "label": "Blog post 5", "action": "wagtail.publish", "data": {}, "timestamp": "2022-09-28T14:49:32.636Z", "uuid": "a3b0d8ca-4d35-4250-90fc-69d8b9d20ec8", "user": 1, "revision": 38, "content_changed": false, "deleted": false, "page": 10}}, {"model": "wagtailcore.pagelogentry", "pk": 63, "fields": {"content_type": 49, "label": "Blog post 6", "action": "wagtail.edit", "data": {}, "timestamp": "2022-09-28T14:49:38.025Z", "uuid": "293cfb5e-934b-40f5-9781-a3ec46a2307a", "user": 1, "revision": 39, "content_changed": true, "deleted": false, "page": 11}}, {"model": "wagtailcore.pagelogentry", "pk": 64, "fields": {"content_type": 49, "label": "Blog post 6", "action": "wagtail.publish", "data": {}, "timestamp": "2022-09-28T14:49:38.056Z", "uuid": "293cfb5e-934b-40f5-9781-a3ec46a2307a", "user": 1, "revision": 39, "content_changed": false, "deleted": false, "page": 11}}, {"model": "wagtailcore.pagelogentry", "pk": 65, "fields": {"content_type": 56, "label": "services", "action": "wagtail.create", "data": {}, "timestamp": "2022-10-15T16:51:46.443Z", "uuid": "8edba7bd-cad7-4f0a-af40-de86d6a3eb46", "user": 1, "revision": null, "content_changed": true, "deleted": false, "page": 14}}, {"model": "wagtailcore.pagelogentry", "pk": 66, "fields": {"content_type": 56, "label": "services", "action": "wagtail.publish", "data": {}, "timestamp": "2022-10-15T16:51:46.487Z", "uuid": "8edba7bd-cad7-4f0a-af40-de86d6a3eb46", "user": 1, "revision": 40, "content_changed": true, "deleted": false, "page": 14}}, {"model": "wagtailcore.pagelogentry", "pk": 67, "fields": {"content_type": 50, "label": "Service 1", "action": "wagtail.move", "data": {"source": {"id": 3, "title": "Home"}, "destination": {"id": 14, "title": "services"}}, "timestamp": "2022-10-15T16:52:54.591Z", "uuid": "e45b7802-be4f-4555-91f9-f3721f8d15ab", "user": 1, "revision": null, "content_changed": false, "deleted": false, "page": 12}}, {"model": "wagtailcore.pagelogentry", "pk": 68, "fields": {"content_type": 50, "label": "Service 2", "action": "wagtail.create", "data": {}, "timestamp": "2022-10-15T17:05:45.609Z", "uuid": "37c52e36-e837-4601-9eb7-ccc77b98de10", "user": 1, "revision": null, "content_changed": true, "deleted": false, "page": 15}}, {"model": "wagtailcore.pagelogentry", "pk": 69, "fields": {"content_type": 50, "label": "Service 2", "action": "wagtail.publish", "data": {}, "timestamp": "2022-10-15T17:05:45.672Z", "uuid": "37c52e36-e837-4601-9eb7-ccc77b98de10", "user": 1, "revision": 41, "content_changed": true, "deleted": false, "page": 15}}, {"model": "wagtailcore.pagelogentry", "pk": 70, "fields": {"content_type": 50, "label": "Service 2", "action": "wagtail.move", "data": {"source": {"id": 12, "title": "Service 1"}, "destination": {"id": 14, "title": "services"}}, "timestamp": "2022-10-15T17:08:48.141Z", "uuid": "327ce148-f323-4196-a425-2502c6c99ee8", "user": 1, "revision": null, "content_changed": false, "deleted": false, "page": 15}}, {"model": "wagtailcore.pagelogentry", "pk": 71, "fields": {"content_type": 2, "label": "Home", "action": "wagtail.edit", "data": {}, "timestamp": "2022-10-16T08:15:38.567Z", "uuid": "061a6f02-8b3d-48af-9415-166b4f0da0ce", "user": 1, "revision": 42, "content_changed": true, "deleted": false, "page": 3}}, {"model": "wagtailcore.pagelogentry", "pk": 72, "fields": {"content_type": 2, "label": "Home", "action": "wagtail.publish", "data": {}, "timestamp": "2022-10-16T08:15:38.624Z", "uuid": "061a6f02-8b3d-48af-9415-166b4f0da0ce", "user": 1, "revision": 42, "content_changed": true, "deleted": false, "page": 3}}, {"model": "wagtailcore.pagesubscription", "pk": 1, "fields": {"user": 1, "page": 3, "comment_notifications": false}}, {"model": "wagtailcore.pagesubscription", "pk": 2, "fields": {"user": 1, "page": 4, "comment_notifications": true}}, {"model": "wagtailcore.pagesubscription", "pk": 3, "fields": {"user": 1, "page": 5, "comment_notifications": true}}, {"model": "wagtailcore.pagesubscription", "pk": 4, "fields": {"user": 1, "page": 6, "comment_notifications": true}}, {"model": "wagtailcore.pagesubscription", "pk": 5, "fields": {"user": 1, "page": 7, "comment_notifications": true}}, {"model": "wagtailcore.pagesubscription", "pk": 6, "fields": {"user": 1, "page": 8, "comment_notifications": true}}, {"model": "wagtailcore.pagesubscription", "pk": 7, "fields": {"user": 1, "page": 9, "comment_notifications": true}}, {"model": "wagtailcore.pagesubscription", "pk": 8, "fields": {"user": 1, "page": 10, "comment_notifications": true}}, {"model": "wagtailcore.pagesubscription", "pk": 9, "fields": {"user": 1, "page": 11, "comment_notifications": true}}, {"model": "wagtailcore.pagesubscription", "pk": 10, "fields": {"user": 1, "page": 12, "comment_notifications": true}}, {"model": "wagtailcore.pagesubscription", "pk": 11, "fields": {"user": 1, "page": 13, "comment_notifications": true}}, {"model": "wagtailcore.pagesubscription", "pk": 12, "fields": {"user": 1, "page": 14, "comment_notifications": true}}, {"model": "wagtailcore.pagesubscription", "pk": 13, "fields": {"user": 1, "page": 15, "comment_notifications": true}}, {"model": "auth.permission", "pk": 1, "fields": {"name": "Can access Wagtail admin", "content_type": 3, "codename": "access_admin"}}, {"model": "auth.permission", "pk": 2, "fields": {"name": "Can add document", "content_type": 5, "codename": "add_document"}}, {"model": "auth.permission", "pk": 3, "fields": {"name": "Can change document", "content_type": 5, "codename": "change_document"}}, {"model": "auth.permission", "pk": 4, "fields": {"name": "Can delete document", "content_type": 5, "codename": "delete_document"}}, {"model": "auth.permission", "pk": 5, "fields": {"name": "Can choose document", "content_type": 5, "codename": "choose_document"}}, {"model": "auth.permission", "pk": 6, "fields": {"name": "Can add image", "content_type": 6, "codename": "add_image"}}, {"model": "auth.permission", "pk": 7, "fields": {"name": "Can change image", "content_type": 6, "codename": "change_image"}}, {"model": "auth.permission", "pk": 8, "fields": {"name": "Can delete image", "content_type": 6, "codename": "delete_image"}}, {"model": "auth.permission", "pk": 9, "fields": {"name": "Can choose image", "content_type": 6, "codename": "choose_image"}}, {"model": "auth.permission", "pk": 10, "fields": {"name": "Can add home page", "content_type": 2, "codename": "add_homepage"}}, {"model": "auth.permission", "pk": 11, "fields": {"name": "Can change home page", "content_type": 2, "codename": "change_homepage"}}, {"model": "auth.permission", "pk": 12, "fields": {"name": "Can delete home page", "content_type": 2, "codename": "delete_homepage"}}, {"model": "auth.permission", "pk": 13, "fields": {"name": "Can view home page", "content_type": 2, "codename": "view_homepage"}}, {"model": "auth.permission", "pk": 14, "fields": {"name": "Can add form submission", "content_type": 7, "codename": "add_formsubmission"}}, {"model": "auth.permission", "pk": 15, "fields": {"name": "Can change form submission", "content_type": 7, "codename": "change_formsubmission"}}, {"model": "auth.permission", "pk": 16, "fields": {"name": "Can delete form submission", "content_type": 7, "codename": "delete_formsubmission"}}, {"model": "auth.permission", "pk": 17, "fields": {"name": "Can view form submission", "content_type": 7, "codename": "view_formsubmission"}}, {"model": "auth.permission", "pk": 18, "fields": {"name": "Can add redirect", "content_type": 8, "codename": "add_redirect"}}, {"model": "auth.permission", "pk": 19, "fields": {"name": "Can change redirect", "content_type": 8, "codename": "change_redirect"}}, {"model": "auth.permission", "pk": 20, "fields": {"name": "Can delete redirect", "content_type": 8, "codename": "delete_redirect"}}, {"model": "auth.permission", "pk": 21, "fields": {"name": "Can view redirect", "content_type": 8, "codename": "view_redirect"}}, {"model": "auth.permission", "pk": 22, "fields": {"name": "Can add embed", "content_type": 9, "codename": "add_embed"}}, {"model": "auth.permission", "pk": 23, "fields": {"name": "Can change embed", "content_type": 9, "codename": "change_embed"}}, {"model": "auth.permission", "pk": 24, "fields": {"name": "Can delete embed", "content_type": 9, "codename": "delete_embed"}}, {"model": "auth.permission", "pk": 25, "fields": {"name": "Can view embed", "content_type": 9, "codename": "view_embed"}}, {"model": "auth.permission", "pk": 26, "fields": {"name": "Can add user profile", "content_type": 10, "codename": "add_userprofile"}}, {"model": "auth.permission", "pk": 27, "fields": {"name": "Can change user profile", "content_type": 10, "codename": "change_userprofile"}}, {"model": "auth.permission", "pk": 28, "fields": {"name": "Can delete user profile", "content_type": 10, "codename": "delete_userprofile"}}, {"model": "auth.permission", "pk": 29, "fields": {"name": "Can view user profile", "content_type": 10, "codename": "view_userprofile"}}, {"model": "auth.permission", "pk": 30, "fields": {"name": "Can view document", "content_type": 5, "codename": "view_document"}}, {"model": "auth.permission", "pk": 31, "fields": {"name": "Can add uploaded document", "content_type": 11, "codename": "add_uploadeddocument"}}, {"model": "auth.permission", "pk": 32, "fields": {"name": "Can change uploaded document", "content_type": 11, "codename": "change_uploadeddocument"}}, {"model": "auth.permission", "pk": 33, "fields": {"name": "Can delete uploaded document", "content_type": 11, "codename": "delete_uploadeddocument"}}, {"model": "auth.permission", "pk": 34, "fields": {"name": "Can view uploaded document", "content_type": 11, "codename": "view_uploadeddocument"}}, {"model": "auth.permission", "pk": 35, "fields": {"name": "Can view image", "content_type": 6, "codename": "view_image"}}, {"model": "auth.permission", "pk": 36, "fields": {"name": "Can add rendition", "content_type": 12, "codename": "add_rendition"}}, {"model": "auth.permission", "pk": 37, "fields": {"name": "Can change rendition", "content_type": 12, "codename": "change_rendition"}}, {"model": "auth.permission", "pk": 38, "fields": {"name": "Can delete rendition", "content_type": 12, "codename": "delete_rendition"}}, {"model": "auth.permission", "pk": 39, "fields": {"name": "Can view rendition", "content_type": 12, "codename": "view_rendition"}}, {"model": "auth.permission", "pk": 40, "fields": {"name": "Can add uploaded image", "content_type": 13, "codename": "add_uploadedimage"}}, {"model": "auth.permission", "pk": 41, "fields": {"name": "Can change uploaded image", "content_type": 13, "codename": "change_uploadedimage"}}, {"model": "auth.permission", "pk": 42, "fields": {"name": "Can delete uploaded image", "content_type": 13, "codename": "delete_uploadedimage"}}, {"model": "auth.permission", "pk": 43, "fields": {"name": "Can view uploaded image", "content_type": 13, "codename": "view_uploadedimage"}}, {"model": "auth.permission", "pk": 44, "fields": {"name": "Can add query", "content_type": 14, "codename": "add_query"}}, {"model": "auth.permission", "pk": 45, "fields": {"name": "Can change query", "content_type": 14, "codename": "change_query"}}, {"model": "auth.permission", "pk": 46, "fields": {"name": "Can delete query", "content_type": 14, "codename": "delete_query"}}, {"model": "auth.permission", "pk": 47, "fields": {"name": "Can view query", "content_type": 14, "codename": "view_query"}}, {"model": "auth.permission", "pk": 48, "fields": {"name": "Can add Query Daily Hits", "content_type": 15, "codename": "add_querydailyhits"}}, {"model": "auth.permission", "pk": 49, "fields": {"name": "Can change Query Daily Hits", "content_type": 15, "codename": "change_querydailyhits"}}, {"model": "auth.permission", "pk": 50, "fields": {"name": "Can delete Query Daily Hits", "content_type": 15, "codename": "delete_querydailyhits"}}, {"model": "auth.permission", "pk": 51, "fields": {"name": "Can view Query Daily Hits", "content_type": 15, "codename": "view_querydailyhits"}}, {"model": "auth.permission", "pk": 52, "fields": {"name": "Can add index entry", "content_type": 16, "codename": "add_indexentry"}}, {"model": "auth.permission", "pk": 53, "fields": {"name": "Can change index entry", "content_type": 16, "codename": "change_indexentry"}}, {"model": "auth.permission", "pk": 54, "fields": {"name": "Can delete index entry", "content_type": 16, "codename": "delete_indexentry"}}, {"model": "auth.permission", "pk": 55, "fields": {"name": "Can view index entry", "content_type": 16, "codename": "view_indexentry"}}, {"model": "auth.permission", "pk": 56, "fields": {"name": "Can add sqliteftsindexentry", "content_type": 17, "codename": "add_sqliteftsindexentry"}}, {"model": "auth.permission", "pk": 57, "fields": {"name": "Can change sqliteftsindexentry", "content_type": 17, "codename": "change_sqliteftsindexentry"}}, {"model": "auth.permission", "pk": 58, "fields": {"name": "Can delete sqliteftsindexentry", "content_type": 17, "codename": "delete_sqliteftsindexentry"}}, {"model": "auth.permission", "pk": 59, "fields": {"name": "Can view sqliteftsindexentry", "content_type": 17, "codename": "view_sqliteftsindexentry"}}, {"model": "auth.permission", "pk": 60, "fields": {"name": "Can add page", "content_type": 1, "codename": "add_page"}}, {"model": "auth.permission", "pk": 61, "fields": {"name": "Can change page", "content_type": 1, "codename": "change_page"}}, {"model": "auth.permission", "pk": 62, "fields": {"name": "Can delete page", "content_type": 1, "codename": "delete_page"}}, {"model": "auth.permission", "pk": 63, "fields": {"name": "Can view page", "content_type": 1, "codename": "view_page"}}, {"model": "auth.permission", "pk": 64, "fields": {"name": "Can add group page permission", "content_type": 18, "codename": "add_grouppagepermission"}}, {"model": "auth.permission", "pk": 65, "fields": {"name": "Can change group page permission", "content_type": 18, "codename": "change_grouppagepermission"}}, {"model": "auth.permission", "pk": 66, "fields": {"name": "Can delete group page permission", "content_type": 18, "codename": "delete_grouppagepermission"}}, {"model": "auth.permission", "pk": 67, "fields": {"name": "Can view group page permission", "content_type": 18, "codename": "view_grouppagepermission"}}, {"model": "auth.permission", "pk": 68, "fields": {"name": "Can add page view restriction", "content_type": 19, "codename": "add_pageviewrestriction"}}, {"model": "auth.permission", "pk": 69, "fields": {"name": "Can change page view restriction", "content_type": 19, "codename": "change_pageviewrestriction"}}, {"model": "auth.permission", "pk": 70, "fields": {"name": "Can delete page view restriction", "content_type": 19, "codename": "delete_pageviewrestriction"}}, {"model": "auth.permission", "pk": 71, "fields": {"name": "Can view page view restriction", "content_type": 19, "codename": "view_pageviewrestriction"}}, {"model": "auth.permission", "pk": 72, "fields": {"name": "Can add site", "content_type": 20, "codename": "add_site"}}, {"model": "auth.permission", "pk": 73, "fields": {"name": "Can change site", "content_type": 20, "codename": "change_site"}}, {"model": "auth.permission", "pk": 74, "fields": {"name": "Can delete site", "content_type": 20, "codename": "delete_site"}}, {"model": "auth.permission", "pk": 75, "fields": {"name": "Can view site", "content_type": 20, "codename": "view_site"}}, {"model": "auth.permission", "pk": 76, "fields": {"name": "Can add collection", "content_type": 21, "codename": "add_collection"}}, {"model": "auth.permission", "pk": 77, "fields": {"name": "Can change collection", "content_type": 21, "codename": "change_collection"}}, {"model": "auth.permission", "pk": 78, "fields": {"name": "Can delete collection", "content_type": 21, "codename": "delete_collection"}}, {"model": "auth.permission", "pk": 79, "fields": {"name": "Can view collection", "content_type": 21, "codename": "view_collection"}}, {"model": "auth.permission", "pk": 80, "fields": {"name": "Can add group collection permission", "content_type": 22, "codename": "add_groupcollectionpermission"}}, {"model": "auth.permission", "pk": 81, "fields": {"name": "Can change group collection permission", "content_type": 22, "codename": "change_groupcollectionpermission"}}, {"model": "auth.permission", "pk": 82, "fields": {"name": "Can delete group collection permission", "content_type": 22, "codename": "delete_groupcollectionpermission"}}, {"model": "auth.permission", "pk": 83, "fields": {"name": "Can view group collection permission", "content_type": 22, "codename": "view_groupcollectionpermission"}}, {"model": "auth.permission", "pk": 84, "fields": {"name": "Can add collection view restriction", "content_type": 23, "codename": "add_collectionviewrestriction"}}, {"model": "auth.permission", "pk": 85, "fields": {"name": "Can change collection view restriction", "content_type": 23, "codename": "change_collectionviewrestriction"}}, {"model": "auth.permission", "pk": 86, "fields": {"name": "Can delete collection view restriction", "content_type": 23, "codename": "delete_collectionviewrestriction"}}, {"model": "auth.permission", "pk": 87, "fields": {"name": "Can view collection view restriction", "content_type": 23, "codename": "view_collectionviewrestriction"}}, {"model": "auth.permission", "pk": 88, "fields": {"name": "Can add task", "content_type": 24, "codename": "add_task"}}, {"model": "auth.permission", "pk": 89, "fields": {"name": "Can change task", "content_type": 24, "codename": "change_task"}}, {"model": "auth.permission", "pk": 90, "fields": {"name": "Can delete task", "content_type": 24, "codename": "delete_task"}}, {"model": "auth.permission", "pk": 91, "fields": {"name": "Can view task", "content_type": 24, "codename": "view_task"}}, {"model": "auth.permission", "pk": 92, "fields": {"name": "Can add Task state", "content_type": 25, "codename": "add_taskstate"}}, {"model": "auth.permission", "pk": 93, "fields": {"name": "Can change Task state", "content_type": 25, "codename": "change_taskstate"}}, {"model": "auth.permission", "pk": 94, "fields": {"name": "Can delete Task state", "content_type": 25, "codename": "delete_taskstate"}}, {"model": "auth.permission", "pk": 95, "fields": {"name": "Can view Task state", "content_type": 25, "codename": "view_taskstate"}}, {"model": "auth.permission", "pk": 96, "fields": {"name": "Can add workflow", "content_type": 26, "codename": "add_workflow"}}, {"model": "auth.permission", "pk": 97, "fields": {"name": "Can change workflow", "content_type": 26, "codename": "change_workflow"}}, {"model": "auth.permission", "pk": 98, "fields": {"name": "Can delete workflow", "content_type": 26, "codename": "delete_workflow"}}, {"model": "auth.permission", "pk": 99, "fields": {"name": "Can view workflow", "content_type": 26, "codename": "view_workflow"}}, {"model": "auth.permission", "pk": 100, "fields": {"name": "Can add Group approval task", "content_type": 4, "codename": "add_groupapprovaltask"}}, {"model": "auth.permission", "pk": 101, "fields": {"name": "Can change Group approval task", "content_type": 4, "codename": "change_groupapprovaltask"}}, {"model": "auth.permission", "pk": 102, "fields": {"name": "Can delete Group approval task", "content_type": 4, "codename": "delete_groupapprovaltask"}}, {"model": "auth.permission", "pk": 103, "fields": {"name": "Can view Group approval task", "content_type": 4, "codename": "view_groupapprovaltask"}}, {"model": "auth.permission", "pk": 104, "fields": {"name": "Can add Workflow state", "content_type": 27, "codename": "add_workflowstate"}}, {"model": "auth.permission", "pk": 105, "fields": {"name": "Can change Workflow state", "content_type": 27, "codename": "change_workflowstate"}}, {"model": "auth.permission", "pk": 106, "fields": {"name": "Can delete Workflow state", "content_type": 27, "codename": "delete_workflowstate"}}, {"model": "auth.permission", "pk": 107, "fields": {"name": "Can view Workflow state", "content_type": 27, "codename": "view_workflowstate"}}, {"model": "auth.permission", "pk": 108, "fields": {"name": "Can add workflow page", "content_type": 28, "codename": "add_workflowpage"}}, {"model": "auth.permission", "pk": 109, "fields": {"name": "Can change workflow page", "content_type": 28, "codename": "change_workflowpage"}}, {"model": "auth.permission", "pk": 110, "fields": {"name": "Can delete workflow page", "content_type": 28, "codename": "delete_workflowpage"}}, {"model": "auth.permission", "pk": 111, "fields": {"name": "Can view workflow page", "content_type": 28, "codename": "view_workflowpage"}}, {"model": "auth.permission", "pk": 112, "fields": {"name": "Can add workflow task order", "content_type": 29, "codename": "add_workflowtask"}}, {"model": "auth.permission", "pk": 113, "fields": {"name": "Can change workflow task order", "content_type": 29, "codename": "change_workflowtask"}}, {"model": "auth.permission", "pk": 114, "fields": {"name": "Can delete workflow task order", "content_type": 29, "codename": "delete_workflowtask"}}, {"model": "auth.permission", "pk": 115, "fields": {"name": "Can view workflow task order", "content_type": 29, "codename": "view_workflowtask"}}, {"model": "auth.permission", "pk": 116, "fields": {"name": "Can add page log entry", "content_type": 30, "codename": "add_pagelogentry"}}, {"model": "auth.permission", "pk": 117, "fields": {"name": "Can change page log entry", "content_type": 30, "codename": "change_pagelogentry"}}, {"model": "auth.permission", "pk": 118, "fields": {"name": "Can delete page log entry", "content_type": 30, "codename": "delete_pagelogentry"}}, {"model": "auth.permission", "pk": 119, "fields": {"name": "Can view page log entry", "content_type": 30, "codename": "view_pagelogentry"}}, {"model": "auth.permission", "pk": 120, "fields": {"name": "Can add locale", "content_type": 31, "codename": "add_locale"}}, {"model": "auth.permission", "pk": 121, "fields": {"name": "Can change locale", "content_type": 31, "codename": "change_locale"}}, {"model": "auth.permission", "pk": 122, "fields": {"name": "Can delete locale", "content_type": 31, "codename": "delete_locale"}}, {"model": "auth.permission", "pk": 123, "fields": {"name": "Can view locale", "content_type": 31, "codename": "view_locale"}}, {"model": "auth.permission", "pk": 124, "fields": {"name": "Can add comment", "content_type": 32, "codename": "add_comment"}}, {"model": "auth.permission", "pk": 125, "fields": {"name": "Can change comment", "content_type": 32, "codename": "change_comment"}}, {"model": "auth.permission", "pk": 126, "fields": {"name": "Can delete comment", "content_type": 32, "codename": "delete_comment"}}, {"model": "auth.permission", "pk": 127, "fields": {"name": "Can view comment", "content_type": 32, "codename": "view_comment"}}, {"model": "auth.permission", "pk": 128, "fields": {"name": "Can add comment reply", "content_type": 33, "codename": "add_commentreply"}}, {"model": "auth.permission", "pk": 129, "fields": {"name": "Can change comment reply", "content_type": 33, "codename": "change_commentreply"}}, {"model": "auth.permission", "pk": 130, "fields": {"name": "Can delete comment reply", "content_type": 33, "codename": "delete_commentreply"}}, {"model": "auth.permission", "pk": 131, "fields": {"name": "Can view comment reply", "content_type": 33, "codename": "view_commentreply"}}, {"model": "auth.permission", "pk": 132, "fields": {"name": "Can add page subscription", "content_type": 34, "codename": "add_pagesubscription"}}, {"model": "auth.permission", "pk": 133, "fields": {"name": "Can change page subscription", "content_type": 34, "codename": "change_pagesubscription"}}, {"model": "auth.permission", "pk": 134, "fields": {"name": "Can delete page subscription", "content_type": 34, "codename": "delete_pagesubscription"}}, {"model": "auth.permission", "pk": 135, "fields": {"name": "Can view page subscription", "content_type": 34, "codename": "view_pagesubscription"}}, {"model": "auth.permission", "pk": 136, "fields": {"name": "Can add model log entry", "content_type": 35, "codename": "add_modellogentry"}}, {"model": "auth.permission", "pk": 137, "fields": {"name": "Can change model log entry", "content_type": 35, "codename": "change_modellogentry"}}, {"model": "auth.permission", "pk": 138, "fields": {"name": "Can delete model log entry", "content_type": 35, "codename": "delete_modellogentry"}}, {"model": "auth.permission", "pk": 139, "fields": {"name": "Can view model log entry", "content_type": 35, "codename": "view_modellogentry"}}, {"model": "auth.permission", "pk": 140, "fields": {"name": "Can add revision", "content_type": 36, "codename": "add_revision"}}, {"model": "auth.permission", "pk": 141, "fields": {"name": "Can change revision", "content_type": 36, "codename": "change_revision"}}, {"model": "auth.permission", "pk": 142, "fields": {"name": "Can delete revision", "content_type": 36, "codename": "delete_revision"}}, {"model": "auth.permission", "pk": 143, "fields": {"name": "Can view revision", "content_type": 36, "codename": "view_revision"}}, {"model": "auth.permission", "pk": 144, "fields": {"name": "Can add tag", "content_type": 37, "codename": "add_tag"}}, {"model": "auth.permission", "pk": 145, "fields": {"name": "Can change tag", "content_type": 37, "codename": "change_tag"}}, {"model": "auth.permission", "pk": 146, "fields": {"name": "Can delete tag", "content_type": 37, "codename": "delete_tag"}}, {"model": "auth.permission", "pk": 147, "fields": {"name": "Can view tag", "content_type": 37, "codename": "view_tag"}}, {"model": "auth.permission", "pk": 148, "fields": {"name": "Can add tagged item", "content_type": 38, "codename": "add_taggeditem"}}, {"model": "auth.permission", "pk": 149, "fields": {"name": "Can change tagged item", "content_type": 38, "codename": "change_taggeditem"}}, {"model": "auth.permission", "pk": 150, "fields": {"name": "Can delete tagged item", "content_type": 38, "codename": "delete_taggeditem"}}, {"model": "auth.permission", "pk": 151, "fields": {"name": "Can view tagged item", "content_type": 38, "codename": "view_taggeditem"}}, {"model": "auth.permission", "pk": 152, "fields": {"name": "Can add log entry", "content_type": 39, "codename": "add_logentry"}}, {"model": "auth.permission", "pk": 153, "fields": {"name": "Can change log entry", "content_type": 39, "codename": "change_logentry"}}, {"model": "auth.permission", "pk": 154, "fields": {"name": "Can delete log entry", "content_type": 39, "codename": "delete_logentry"}}, {"model": "auth.permission", "pk": 155, "fields": {"name": "Can view log entry", "content_type": 39, "codename": "view_logentry"}}, {"model": "auth.permission", "pk": 156, "fields": {"name": "Can add permission", "content_type": 40, "codename": "add_permission"}}, {"model": "auth.permission", "pk": 157, "fields": {"name": "Can change permission", "content_type": 40, "codename": "change_permission"}}, {"model": "auth.permission", "pk": 158, "fields": {"name": "Can delete permission", "content_type": 40, "codename": "delete_permission"}}, {"model": "auth.permission", "pk": 159, "fields": {"name": "Can view permission", "content_type": 40, "codename": "view_permission"}}, {"model": "auth.permission", "pk": 160, "fields": {"name": "Can add group", "content_type": 41, "codename": "add_group"}}, {"model": "auth.permission", "pk": 161, "fields": {"name": "Can change group", "content_type": 41, "codename": "change_group"}}, {"model": "auth.permission", "pk": 162, "fields": {"name": "Can delete group", "content_type": 41, "codename": "delete_group"}}, {"model": "auth.permission", "pk": 163, "fields": {"name": "Can view group", "content_type": 41, "codename": "view_group"}}, {"model": "auth.permission", "pk": 164, "fields": {"name": "Can add user", "content_type": 42, "codename": "add_user"}}, {"model": "auth.permission", "pk": 165, "fields": {"name": "Can change user", "content_type": 42, "codename": "change_user"}}, {"model": "auth.permission", "pk": 166, "fields": {"name": "Can delete user", "content_type": 42, "codename": "delete_user"}}, {"model": "auth.permission", "pk": 167, "fields": {"name": "Can view user", "content_type": 42, "codename": "view_user"}}, {"model": "auth.permission", "pk": 168, "fields": {"name": "Can add content type", "content_type": 43, "codename": "add_contenttype"}}, {"model": "auth.permission", "pk": 169, "fields": {"name": "Can change content type", "content_type": 43, "codename": "change_contenttype"}}, {"model": "auth.permission", "pk": 170, "fields": {"name": "Can delete content type", "content_type": 43, "codename": "delete_contenttype"}}, {"model": "auth.permission", "pk": 171, "fields": {"name": "Can view content type", "content_type": 43, "codename": "view_contenttype"}}, {"model": "auth.permission", "pk": 172, "fields": {"name": "Can add session", "content_type": 44, "codename": "add_session"}}, {"model": "auth.permission", "pk": 173, "fields": {"name": "Can change session", "content_type": 44, "codename": "change_session"}}, {"model": "auth.permission", "pk": 174, "fields": {"name": "Can delete session", "content_type": 44, "codename": "delete_session"}}, {"model": "auth.permission", "pk": 175, "fields": {"name": "Can view session", "content_type": 44, "codename": "view_session"}}, {"model": "auth.permission", "pk": 176, "fields": {"name": "Can add home page prices", "content_type": 45, "codename": "add_homepageprices"}}, {"model": "auth.permission", "pk": 177, "fields": {"name": "Can change home page prices", "content_type": 45, "codename": "change_homepageprices"}}, {"model": "auth.permission", "pk": 178, "fields": {"name": "Can delete home page prices", "content_type": 45, "codename": "delete_homepageprices"}}, {"model": "auth.permission", "pk": 179, "fields": {"name": "Can view home page prices", "content_type": 45, "codename": "view_homepageprices"}}, {"model": "auth.permission", "pk": 180, "fields": {"name": "Can add home page services", "content_type": 46, "codename": "add_homepageservices"}}, {"model": "auth.permission", "pk": 181, "fields": {"name": "Can change home page services", "content_type": 46, "codename": "change_homepageservices"}}, {"model": "auth.permission", "pk": 182, "fields": {"name": "Can delete home page services", "content_type": 46, "codename": "delete_homepageservices"}}, {"model": "auth.permission", "pk": 183, "fields": {"name": "Can view home page services", "content_type": 46, "codename": "view_homepageservices"}}, {"model": "auth.permission", "pk": 184, "fields": {"name": "Can add about", "content_type": 47, "codename": "add_about"}}, {"model": "auth.permission", "pk": 185, "fields": {"name": "Can change about", "content_type": 47, "codename": "change_about"}}, {"model": "auth.permission", "pk": 186, "fields": {"name": "Can delete about", "content_type": 47, "codename": "delete_about"}}, {"model": "auth.permission", "pk": 187, "fields": {"name": "Can view about", "content_type": 47, "codename": "view_about"}}, {"model": "auth.permission", "pk": 188, "fields": {"name": "Can add blog index page", "content_type": 48, "codename": "add_blogindexpage"}}, {"model": "auth.permission", "pk": 189, "fields": {"name": "Can change blog index page", "content_type": 48, "codename": "change_blogindexpage"}}, {"model": "auth.permission", "pk": 190, "fields": {"name": "Can delete blog index page", "content_type": 48, "codename": "delete_blogindexpage"}}, {"model": "auth.permission", "pk": 191, "fields": {"name": "Can view blog index page", "content_type": 48, "codename": "view_blogindexpage"}}, {"model": "auth.permission", "pk": 192, "fields": {"name": "Can add blog page", "content_type": 49, "codename": "add_blogpage"}}, {"model": "auth.permission", "pk": 193, "fields": {"name": "Can change blog page", "content_type": 49, "codename": "change_blogpage"}}, {"model": "auth.permission", "pk": 194, "fields": {"name": "Can delete blog page", "content_type": 49, "codename": "delete_blogpage"}}, {"model": "auth.permission", "pk": 195, "fields": {"name": "Can view blog page", "content_type": 49, "codename": "view_blogpage"}}, {"model": "auth.permission", "pk": 196, "fields": {"name": "Can add Our services", "content_type": 50, "codename": "add_services"}}, {"model": "auth.permission", "pk": 197, "fields": {"name": "Can change Our services", "content_type": 50, "codename": "change_services"}}, {"model": "auth.permission", "pk": 198, "fields": {"name": "Can delete Our services", "content_type": 50, "codename": "delete_services"}}, {"model": "auth.permission", "pk": 199, "fields": {"name": "Can view Our services", "content_type": 50, "codename": "view_services"}}, {"model": "auth.permission", "pk": 200, "fields": {"name": "Can add Our services", "content_type": 50, "codename": "add_ourservices"}}, {"model": "auth.permission", "pk": 201, "fields": {"name": "Can change Our services", "content_type": 50, "codename": "change_ourservices"}}, {"model": "auth.permission", "pk": 202, "fields": {"name": "Can delete Our services", "content_type": 50, "codename": "delete_ourservices"}}, {"model": "auth.permission", "pk": 203, "fields": {"name": "Can view Our services", "content_type": 50, "codename": "view_ourservices"}}, {"model": "auth.permission", "pk": 204, "fields": {"name": "Can add contact us page", "content_type": 51, "codename": "add_contactuspage"}}, {"model": "auth.permission", "pk": 205, "fields": {"name": "Can change contact us page", "content_type": 51, "codename": "change_contactuspage"}}, {"model": "auth.permission", "pk": 206, "fields": {"name": "Can delete contact us page", "content_type": 51, "codename": "delete_contactuspage"}}, {"model": "auth.permission", "pk": 207, "fields": {"name": "Can view contact us page", "content_type": 51, "codename": "view_contactuspage"}}, {"model": "auth.permission", "pk": 208, "fields": {"name": "Can add form field", "content_type": 53, "codename": "add_formfield"}}, {"model": "auth.permission", "pk": 209, "fields": {"name": "Can change form field", "content_type": 53, "codename": "change_formfield"}}, {"model": "auth.permission", "pk": 210, "fields": {"name": "Can delete form field", "content_type": 53, "codename": "delete_formfield"}}, {"model": "auth.permission", "pk": 211, "fields": {"name": "Can view form field", "content_type": 53, "codename": "view_formfield"}}, {"model": "auth.permission", "pk": 212, "fields": {"name": "Can add form page", "content_type": 52, "codename": "add_formpage"}}, {"model": "auth.permission", "pk": 213, "fields": {"name": "Can change form page", "content_type": 52, "codename": "change_formpage"}}, {"model": "auth.permission", "pk": 214, "fields": {"name": "Can delete form page", "content_type": 52, "codename": "delete_formpage"}}, {"model": "auth.permission", "pk": 215, "fields": {"name": "Can view form page", "content_type": 52, "codename": "view_formpage"}}, {"model": "auth.permission", "pk": 216, "fields": {"name": "Can add nav items", "content_type": 54, "codename": "add_navitems"}}, {"model": "auth.permission", "pk": 217, "fields": {"name": "Can change nav items", "content_type": 54, "codename": "change_navitems"}}, {"model": "auth.permission", "pk": 218, "fields": {"name": "Can delete nav items", "content_type": 54, "codename": "delete_navitems"}}, {"model": "auth.permission", "pk": 219, "fields": {"name": "Can view nav items", "content_type": 54, "codename": "view_navitems"}}, {"model": "auth.permission", "pk": 220, "fields": {"name": "Can add nav bar", "content_type": 55, "codename": "add_navbar"}}, {"model": "auth.permission", "pk": 221, "fields": {"name": "Can change nav bar", "content_type": 55, "codename": "change_navbar"}}, {"model": "auth.permission", "pk": 222, "fields": {"name": "Can delete nav bar", "content_type": 55, "codename": "delete_navbar"}}, {"model": "auth.permission", "pk": 223, "fields": {"name": "Can view nav bar", "content_type": 55, "codename": "view_navbar"}}, {"model": "auth.permission", "pk": 224, "fields": {"name": "Can add our services index", "content_type": 56, "codename": "add_ourservicesindex"}}, {"model": "auth.permission", "pk": 225, "fields": {"name": "Can change our services index", "content_type": 56, "codename": "change_ourservicesindex"}}, {"model": "auth.permission", "pk": 226, "fields": {"name": "Can delete our services index", "content_type": 56, "codename": "delete_ourservicesindex"}}, {"model": "auth.permission", "pk": 227, "fields": {"name": "Can view our services index", "content_type": 56, "codename": "view_ourservicesindex"}}, {"model": "auth.group", "pk": 1, "fields": {"name": "Moderators", "permissions": [1, 2, 3, 5, 4, 6, 7, 9, 8]}}, {"model": "auth.group", "pk": 2, "fields": {"name": "Editors", "permissions": [1, 2, 3, 5, 4, 6, 7, 9, 8]}}, {"model": "auth.user", "pk": 1, "fields": {"password": "pbkdf2_sha256$390000$fmo0vArhO1qxR7XPq8Ob4H$W2WSPQyaKI9mcfpeG78rwn5v4eyWyEEhs5MSb0JU+nQ=", "last_login": "2022-10-22T19:43:48.881Z", "is_superuser": true, "username": "polina", "first_name": "", "last_name": "", "email": "", "is_staff": true, "is_active": true, "date_joined": "2022-09-19T21:05:40.176Z", "groups": [], "user_permissions": []}}, {"model": "contenttypes.contenttype", "pk": 1, "fields": {"app_label": "wagtailcore", "model": "page"}}, {"model": "contenttypes.contenttype", "pk": 2, "fields": {"app_label": "home", "model": "homepage"}}, {"model": "contenttypes.contenttype", "pk": 3, "fields": {"app_label": "wagtailadmin", "model": "admin"}}, {"model": "contenttypes.contenttype", "pk": 4, "fields": {"app_label": "wagtailcore", "model": "groupapprovaltask"}}, {"model": "contenttypes.contenttype", "pk": 5, "fields": {"app_label": "wagtaildocs", "model": "document"}}, {"model": "contenttypes.contenttype", "pk": 6, "fields": {"app_label": "wagtailimages", "model": "image"}}, {"model": "contenttypes.contenttype", "pk": 7, "fields": {"app_label": "wagtailforms", "model": "formsubmission"}}, {"model": "contenttypes.contenttype", "pk": 8, "fields": {"app_label": "wagtailredirects", "model": "redirect"}}, {"model": "contenttypes.contenttype", "pk": 9, "fields": {"app_label": "wagtailembeds", "model": "embed"}}, {"model": "contenttypes.contenttype", "pk": 10, "fields": {"app_label": "wagtailusers", "model": "userprofile"}}, {"model": "contenttypes.contenttype", "pk": 11, "fields": {"app_label": "wagtaildocs", "model": "uploadeddocument"}}, {"model": "contenttypes.contenttype", "pk": 12, "fields": {"app_label": "wagtailimages", "model": "rendition"}}, {"model": "contenttypes.contenttype", "pk": 13, "fields": {"app_label": "wagtailimages", "model": "uploadedimage"}}, {"model": "contenttypes.contenttype", "pk": 14, "fields": {"app_label": "wagtailsearch", "model": "query"}}, {"model": "contenttypes.contenttype", "pk": 15, "fields": {"app_label": "wagtailsearch", "model": "querydailyhits"}}, {"model": "contenttypes.contenttype", "pk": 16, "fields": {"app_label": "wagtailsearch", "model": "indexentry"}}, {"model": "contenttypes.contenttype", "pk": 17, "fields": {"app_label": "wagtailsearch", "model": "sqliteftsindexentry"}}, {"model": "contenttypes.contenttype", "pk": 18, "fields": {"app_label": "wagtailcore", "model": "grouppagepermission"}}, {"model": "contenttypes.contenttype", "pk": 19, "fields": {"app_label": "wagtailcore", "model": "pageviewrestriction"}}, {"model": "contenttypes.contenttype", "pk": 20, "fields": {"app_label": "wagtailcore", "model": "site"}}, {"model": "contenttypes.contenttype", "pk": 21, "fields": {"app_label": "wagtailcore", "model": "collection"}}, {"model": "contenttypes.contenttype", "pk": 22, "fields": {"app_label": "wagtailcore", "model": "groupcollectionpermission"}}, {"model": "contenttypes.contenttype", "pk": 23, "fields": {"app_label": "wagtailcore", "model": "collectionviewrestriction"}}, {"model": "contenttypes.contenttype", "pk": 24, "fields": {"app_label": "wagtailcore", "model": "task"}}, {"model": "contenttypes.contenttype", "pk": 25, "fields": {"app_label": "wagtailcore", "model": "taskstate"}}, {"model": "contenttypes.contenttype", "pk": 26, "fields": {"app_label": "wagtailcore", "model": "workflow"}}, {"model": "contenttypes.contenttype", "pk": 27, "fields": {"app_label": "wagtailcore", "model": "workflowstate"}}, {"model": "contenttypes.contenttype", "pk": 28, "fields": {"app_label": "wagtailcore", "model": "workflowpage"}}, {"model": "contenttypes.contenttype", "pk": 29, "fields": {"app_label": "wagtailcore", "model": "workflowtask"}}, {"model": "contenttypes.contenttype", "pk": 30, "fields": {"app_label": "wagtailcore", "model": "pagelogentry"}}, {"model": "contenttypes.contenttype", "pk": 31, "fields": {"app_label": "wagtailcore", "model": "locale"}}, {"model": "contenttypes.contenttype", "pk": 32, "fields": {"app_label": "wagtailcore", "model": "comment"}}, {"model": "contenttypes.contenttype", "pk": 33, "fields": {"app_label": "wagtailcore", "model": "commentreply"}}, {"model": "contenttypes.contenttype", "pk": 34, "fields": {"app_label": "wagtailcore", "model": "pagesubscription"}}, {"model": "contenttypes.contenttype", "pk": 35, "fields": {"app_label": "wagtailcore", "model": "modellogentry"}}, {"model": "contenttypes.contenttype", "pk": 36, "fields": {"app_label": "wagtailcore", "model": "revision"}}, {"model": "contenttypes.contenttype", "pk": 37, "fields": {"app_label": "taggit", "model": "tag"}}, {"model": "contenttypes.contenttype", "pk": 38, "fields": {"app_label": "taggit", "model": "taggeditem"}}, {"model": "contenttypes.contenttype", "pk": 39, "fields": {"app_label": "admin", "model": "logentry"}}, {"model": "contenttypes.contenttype", "pk": 40, "fields": {"app_label": "auth", "model": "permission"}}, {"model": "contenttypes.contenttype", "pk": 41, "fields": {"app_label": "auth", "model": "group"}}, {"model": "contenttypes.contenttype", "pk": 42, "fields": {"app_label": "auth", "model": "user"}}, {"model": "contenttypes.contenttype", "pk": 43, "fields": {"app_label": "contenttypes", "model": "contenttype"}}, {"model": "contenttypes.contenttype", "pk": 44, "fields": {"app_label": "sessions", "model": "session"}}, {"model": "contenttypes.contenttype", "pk": 45, "fields": {"app_label": "home", "model": "homepageprices"}}, {"model": "contenttypes.contenttype", "pk": 46, "fields": {"app_label": "home", "model": "homepageservices"}}, {"model": "contenttypes.contenttype", "pk": 47, "fields": {"app_label": "about", "model": "about"}}, {"model": "contenttypes.contenttype", "pk": 48, "fields": {"app_label": "blog", "model": "blogindexpage"}}, {"model": "contenttypes.contenttype", "pk": 49, "fields": {"app_label": "blog", "model": "blogpage"}}, {"model": "contenttypes.contenttype", "pk": 50, "fields": {"app_label": "services", "model": "ourservices"}}, {"model": "contenttypes.contenttype", "pk": 51, "fields": {"app_label": "contactus", "model": "contactuspage"}}, {"model": "contenttypes.contenttype", "pk": 52, "fields": {"app_label": "contactus", "model": "formpage"}}, {"model": "contenttypes.contenttype", "pk": 53, "fields": {"app_label": "contactus", "model": "formfield"}}, {"model": "contenttypes.contenttype", "pk": 54, "fields": {"app_label": "navigation", "model": "navitems"}}, {"model": "contenttypes.contenttype", "pk": 55, "fields": {"app_label": "navigation", "model": "navbar"}}, {"model": "contenttypes.contenttype", "pk": 56, "fields": {"app_label": "services", "model": "ourservicesindex"}}, {"model": "sessions.session", "pk": "5sxqe8rqf13bvn2ko86qh14mt7dk2m8p", "fields": {"session_data": ".eJxtkN1LwzAUxf-XPOxpK-nSz0EfVJQN3USdTBAJ-bhd49pkJmk3Ff93Oyeo4Nvh_s453HvfEWWtr2jrwFIl0QSFaPh7xpnYgD4A-cz02gTCaG8VDw6W4Ju6YG4k1Kff3j8FFXNVn04wT4QgwOMkIUAiApCSsEzzjI1LwiGRsSBZKNI0Y3kIMmepzCRPJZM44mV0KHXgnDKawn6r7CuahGOcJxgP0Y6tPVP1aGuhU7AbETR5RMLZslFS1rBjFrzpVyvGb3yzbM7bDgR5BtHWbzfbTKzEyl-e2Yd2Y7ua6fubrOn2Z9E5LKbRy9RclbEmGhve5QMNe18MvPI1FFPTwMDV7bqovhQYegS9ZFZUVIITVm19v3MxWBtaqw4o6_NfBxylME0D2rvR8np5ckUvrm_ndwX-Gc8Ws-XsPzCfLejifv4POHn4BdAw7B-exGGMcRCTEOfk6eMTlUyqnQ:1oaVki:Fltn47xvdkv7wm90qpim3o9Jt9cMXqFRzWLqNZC5n8E", "expire_date": "2022-10-04T05:25:00.531Z"}}, {"model": "sessions.session", "pk": "97flc184lck3i8nlmvazgm52svwzhd74", "fields": {"session_data": ".eJztWltv27gS_i8BkheuAt0lL-CHXJzUbZykubS7e7AwKImymEiiQlJ2nMX572coyY4lK7vJ4nS3LVqkhjgzJIcz3wxHFP_YmeJSJtNSED6l0c7PO8bOT5u0AIf3JFeM6A7nM7YfslxyGuwrkf2GK_YnLCLpYSPbGiDBIoHerh64YWiRwHFdi1i2RYhnGbE38LEZWwFxIye0fCP0PB8PDBINsBf5UeBFONLtILbVoIIIQVk-JY8F5cudnw1TH7i6_tPOAs8kpqlWcDKnZKEZ5s7P_9kJBY8zGkUpWWBOJAPdhqd3zrE3-Wj5Bx8uE9s1vZJPHnj-ePmUZJccl7eff1u-_5BcndujkL9z-XUxuLGP7xKWXoT2uDzcy8mjHO6FLMtILqc5kzSmIZaglhiyfE9SmZLhNeFzGhJk7In6aZrjjAyPQA3C0QR6Mi4SWsA4c2X3DM_I0DT2lG2BOdz1DndNM0hZeC_gYdc62HUOa-I9WTYU00xcS7iqZR7BrwTN1qyxRFQgjFKWzxAREgcpFQmJUIxDiWSCJTA5wRHos6BpigKCIiokBzZIBUuQIZUA9CSoUQyxGLoVoC1aJCSH0dk9hQlgNCoFSvGSlXIf3UDXgtFavhRK4oxxkqFxIcpMKVYpQCUCcMCAGTA1xrUU_ItyxjOc1srQoFSWVcOkRErCwRpHCPqwomAC9JSsGX_X9I4aHRPCiRILW21PkTJcqQsTK81RSu831jjKZ8pG-2iC8yWKiLiXrEBFWVlOdSsA3rB00DiP0IIEtSFIRJU3Qe8F6EJaK8VqpYRyGC3GZSphpRAmqPbUUTUORoJgHiYoZlytIq26U9UdWrVvyrzCCagPiqmJBZWghpCKSfNmDprHOA-X--gT5pSVAkEXFS4CrDwHPecsnYPJqpGUc5cwb2VPwTIiaQYjgttxGNIIzNZmgA-Kkiubg44-ze9IBZOkzFjJq3WoEZU9d83B_jMklwVZQ7LMhVymJFpzI1LIpGbrNYXmKc3JtRK7gmRDNsDvHNcioBqVy5e4EZa4oUK0eMfqr91zgouOwJ5Iy9mwCVRNhSyb1mG8V7tmClgIOS0UFId7MzZN6ZxMMaSBKhHVj01GENrNxc3B2fTk4mpyPdSfyePz8c24jzEZn0_Pbyc9jINfNhg7Pxmu6_iO6Q3cfd1xDdv_vSfxOS8lPuL89v5q5H0-nkXjpxsz5_f-u9n7W_fi2jlL7t5xMb4ZyaPlB_rBc94vzEkYf7y4_fTxYz46OlwcGMu3JT6znfhOaA7QpBDWB9GcCsaXrcxn-G_NfDak_eyFzJejcxg7CwhXGK7y1FgFIOxMANlsidgiRwvG7xGeYQqgrLAb41SQhLFIdRpDOpzhHKlVhir0V_kKxig5xAMgooAYhBDkVYKdq5iBdVdyGeYzWHBKn2C-GWdlIZCaqZonYzBhzFlWJbomExacSYgooBMI1EfwZrXR1QmCEwhgnindVd8ZpxDKpUiXKlxTmqnMC7JVX1EQEiZqCWQO664WvyBpqtHKvDAmib5IeFYeYnEsiGx1SUk-W41i-nZNrCZaT3x4cXasGluh-uWC3Pyqg3ygW97A2bd927bcniC3Xorxg18vH0qncC-FYyyO7q7x4WGYzc3b0eOHpyPXe7g4fJ-61sfb8vNv7DS-Sz4t7u70d7-OorukuMr5YxPjtV3eQfLfC5oI3Utgl5xmYja85Cyu0QnRfEZjgo4YDqv9cUFlgj5RiINc1h0CFi1fG9JPj4OnF0J6e85QzVmHR51QvrEtp7aOzAFl-f1rLZSHHn2h3DtRwQ8FkIAio8rJ_7w9XpMBDK-mrVelb1rrjZY0TX2z0Vro2fj8w3qRWQnlL02h_5o_ub05ODwbPduhNTVYIWoUtmp-ydN1313zRO1WUChrJaz_ZD1IAYGYy3HT1WpWUDscyqRpk33a2cNps9oZpMNsZxGjw2xlErfN1DUKOg-tLrV5HI5ge-CQX3JSVi8m6LSkEWzZpNthM0u-Erb-wyJI-2G7WSuDfkJVlbKE-hRHtKCi2noJOG6_qaqrshhFDIpkVQMjqC16eXURXf3-I5udYW5j3ff6NrsxeH589OW3u673oy5cdO3i6nh0tU0-Hp2NbkbDNtmo8WN3qSv8PBd4Z1AWqZfIZVf0B3K-QeQYCjlml1YjZ4vcixyzRo7Tpa6Q81kV4tWefojT7Yxj_sDNt4gbU-HG6tJq3GyRe3Fj1bhxu9QVbsZZwbjEuUTHJKTV29KkOt3pdviBn28QP5bCj92l1fjZIvfix67xY3apK_xsn8V2BP8Gbh4sthz8wM2_iBtb4cbp0mrcbJFXuCloOPT2aB6z1zq6fLKS2Z85us99zZl04_oez9_K6gFJkqZldTKblqEsBcpJiMo0xVnIeFGdA0tJK4GiTOdQenEU4YIGIJoS9v8baNc5yr8X4Jq69w8jFxhbwIkzPzb6gXO-BsbapkgwtGQluK3-1FFwyp7UIaOAHywEopC8XjzOYzwinERaSoXUoCrP_p4l3_jW7_QkCPutb_19piOifCHkrktREJRHVIBdRAmYLJTt8IwqdCskq48kBZFL9SEpxIKJf9dob126mQcs7l87vLhDSBEhIWhTFVx0loMdaIYKJiBMyde70u_laOctR3j3xdyl_Z78cYT3lftZVQ-QgbsHeNYmo31812L1Hd6tWK2ju1YvXasepso0w0MsaNjDHd6KRCBHeUvXdbUe67gtFkBPMVRbfgL0Do8TfB-xRV3m6se7-gGCfx04IwWQNbMS8DqEptcaGarhuxl3GvP2CT-7HG2Du6_DBtyR_uKo68BSrYucaCyHP4KeGMtQRoiELVZVNwYij4TD-yNRrQmJaIhTpL6_rWp_RONq_wWlKvmYpSlblAVqLqNU393-RN8XghE9R2Nfr-34XHXouGCD0B1uO-RQE5SVSAfSulZtCPUHiUN1O-KcLdoC60PENWXzCHFN3Hwda4jGJopP1RfRHm6NYvNlGBsdGKurCIbmwM7OClW-DTrCXxLXMSFs_i3gGilrwX8BG8pbIV4kS1FJfycYN_4K4xvHnWvK5mHnmtiDcXMT45fwWkOhHNOuwSEp6ZGr0W6s0N6WeDldm98_rC9XqNvAs_XGPG1-fXm6O8Kr_GFarv1v--OguZaiBRAx30EWMP8qC2wcXq8pm0fXa-IqC0iCMy1kZS6Hdt1QH0pTIkk0XLWrOYf6qlllCfWcYUlWRJjWGwwC33B9zdT1QLMDz9N8J3A1yyGxH-qGT4zBSnyO05JoRcIkG_ptYnXrqrmKgS7u2syIqOskYng0uqgZRkfbJk_Cxt40e7StUqXjxZ5DBkQzDMfX7NCNtYE_8DQ9AoIVeIbvmSvxTW0HbeLqcizNMbwBsaLNXal7kxCOC3hbrdlmR-nGrUNz1exRuvIssV0zioiueWGENXsA6mMjtjQd21ZM4sgyQmMlvqm0obepldZnVGB0IQJ1A26TuVJ66-ZbLWZ1lLca5a1Vs0f56kw8AH0Nd-BqQRSYmu04ljbQHVvzseVgz44d7Pgr8ZbyRptaKT_B_B4dq1s1kWizV-qPcslJcy9gYw3Ny9MUxs7J0HRczwNVBq7vrVkkgwGG7A5zPK9x6Oza-kxR90OWreVgz6redocfcFbgFKvDyNsZziNcX9lK1DWkr_u2lm_o9r6tO6bVeyXTfum61mN55nyOT-9vf5152Pzl-MY9nXBy8vky-xTZAyM98070ZeT5TwKX9ye_mCOD3TgPh6fMF9bdQypedyVzdeC9R8GXrz7hnj8G5IVPYBdQea8GfZb4Jq5dbV4CFF83qkzHMox917A8SPq___d_RhsqcA:1ok3H5:rGNdblnmqEth65vwnvEd9ufLc0uVX9L552zmSQjyP-c", "expire_date": "2022-10-30T13:01:51.614Z"}}, {"model": "sessions.session", "pk": "iq68c6dexaadaxzhy7zckf15zgvtpge8", "fields": {"session_data": ".eJztmW1v3LgRx7-LAe8bRoaeHwLohR9Tt147cOz07opiQYmjXdqSqBMp2-tDv3tH0mojaeVLck3acxHAXkj_GYpD8kdqRP62t6CVWi0qCeWCs723e8bem74W0fge8trA7mi-FAexyFXJo4Pa5WBjlQdzwSA92vgOHrCicoWlXT1y49iCyHFdCyzbAvAsI_ECn5qJFYHLnNjyjdjzfBoYwALqMZ9FHqNMt6PErh8qQUou8gU8Fbxc773V3-w90qWiPNWKEh44PGrW3tt_7MWyTDLOWAqPtAQlMKjwF4e-c2_X7PmvH9kdu7nLlJNJeav_BL-4yUc9PVU_R09LWB3bN9XaOs3d85t4_nP6fBZdezrzvVkOTyqcKa5SCP8iMphFC57RJYSzFVC2yOQyfF-KpA2RpuSCJ0COBY1XPF-SR65W5CPPY8hVWyASbB3ue0f7phmlIr6XeLFvHe47R614D-uNYprPT8FzVt-Zx_irMJKtabfOuK6T0JwRyh64FOWngusCtgWrXKp1CmxrZVCoVWvWW4XnKc_hQ-12jWMPvRCdk9YFm8PV-iUro4puVGyTd1L_DUvOaTFy2PSOyhdY-X14VkLdjbmsUkUVNnMmqhJJKB94DFK7ubo5vFicXV3PP4TO0HR-eX5z_pJxfn65uLydb4zGyHj4U8_oDo26xnEKhNZY3VyGp7mCEnHMoSrlihfkXcUZxYEfF2Ag45IXdZu-lAP_18conebgQpSQkfNCVhkSkEuIFagKSoSAF1zGNYSQcnVAWk_eeDKRipJIrgjNYNKWNkrz-z04apookkTCpinG5ikp5MvuMb7Xak1F24rPceTPa3mXqm_K43j02RgXXbu6Pjm93pVPTi9Ob07DoWy0_NhjtePnjOdIC29mM5JEY7Ueu_4g5xWSY9TkmGOtJWdHniTHbMlxxmpHzt9Fed--Ao5ourvimD-4eY3cmDU31lhrudmRJ7mxWm7csdpxc54VolQ0V-QEYl6nEmRO73H4xgV-8PMK-bFqfuyx1vKzI0_yY7f8mGO14-cYk2wctjnGI5qUZ-z4B7j51RLr4Ac3_0Nu7JobZ6y13OzIHTcFj0NvxvNEfOlAV8_Wavl7Az01fOjcG_qJkb9VzQVRkKaVrN3TKlaVJDnEpEpTmsWiLJCZjCrFG4eiSh8w9SoJowWP0DUF8e0etO8c5_8v4Jq6918mFw074CSZnxjT4Fxuwdj2KZGCrEWFwwaMKEGKkotnIGol8YdKSTguXgcvdZ8oGZTAtJRLpWFWnv2xnvy2HQCyemHifKhkASRnXGLrZIVkFXUP0CWvGa15xOaSAtSaiITEVAr5uppu5pFIptuOn984MUAqnHppPUX4Msd-4BkphMTJBn_eln52ff6dDRHkebwdYvUNw82QgWlqK6QzDTZCBqV0rblY1J0YHlHJ4wlreCtXkjh1p-k6_p7tWydDtwhLyrBeQFeoj2wl0HsmHr882XSz0pnG4ioHTeT4B-RZiIxkAArXhnpZNgg8QYmJL9R3c2A8xo_vovyUtBCeNAsHrqCNfyLSVDxWBdlsSJIEx-R7LL3f-V2_7ekG_Xa_7UiIe3IpHocO202PrdLf8tiK_fRxIxp9Tt6VoiomrC0n5sugGCNQyL7pG5qDa5go6tdNMHL-WnISAPHwH5BD6sDwX4r8qyEqVmvZeL9uiozPUdTbANkq_e2PrThBkdmn6D0mOhyXdu0DjkMKE34tT0bH09Dj5SXH_KbgvO_GtUeM9ZVrjfka1prJN7Tl2i_0y2HTBAJahJD8uVryNbybn-O9t3GzVfrbNlux410BzbRYVLnCD_Pmpj4kSEEBC7v7ps5Q726b-VBf4-cHdCJW6wVB5Buur5m6Hml25Hma70SuZjmQ-LFu-GAEnfsDTSvQipVQIvSHYo6fHOHm1Ipc3Q2NDOqTNxken161BmMU7WZFwJfE5nYi2mZRcLzEcyAAzTAcX7NjN9ECP_A0naFgRZ7he2bn3o82GIpNtMe0xI8vTJBEMbR24d6soMQPM6laszkKejOsodndTgTdjCzYrskY6JoXM6rZAYZPjcTSdGpbCSTMMmKjc-8HbehDtYn6gktKrmSE2dzA2AX96VDgsD3Ta92sUfDWJniru50IvtkPijBeww1cLWKRqdmOY2mB7tiaTy2HenbiUMfv3AfBG0O1CX5Oy3tyUh9AMjk0d-FjUl7C5kys1wZcXZeLBCh-qUE4qw-WaawWWFMOoem4noeBBa7vbU2Q4eNCcUdL-tBS6ezb-rJWD2KRbf1w1W5S4_BvNCtoSuvP8tslzRmdybRahqv6_FaCWLTHuXhJy3i16O9TzZYCp_YDLKgKZ82Bc3uJ1WRY7zDV1j_Jw0S7Zxim2X3DIMnee2O4ro25rGcYB5bvBHrwz3_9G-ER7YU:1ocvuZ:TKR4hYnmOvSABI-4zfX141sxnfenheO-W4vPNClP-7c", "expire_date": "2022-10-10T21:45:11.386Z"}}, {"model": "sessions.session", "pk": "j98bxqc6jqd1ok2b9bt9mqqrjk5vibm3", "fields": {"session_data": ".eJxVjEEOwiAQRe_C2pDitEBduvcMZIaZWtSAKW2iMd5dm3Sh2__efy8VcJnHsFSZQmJ1UEbtfjfCeJW8Ar5gPhcdS56nRHpV9EarPhWW23Fz_wIj1vH7tg3ZGEGosxYEWhBxYAbXe9wPQGK5i-BNdM5jb4R7dOyZHCM3LQ3tGq1Sayo5yOOepqc6NO8Ppmg_3w:1omKPM:p-ZfH4IR7z2zTa2Xyaw6DGqDlmU0ivbnQrDhZ_fH4z8", "expire_date": "2022-11-05T19:43:48.884Z"}}, {"model": "sessions.session", "pk": "jcmjfuyebbrlm1uyuqrokjvlhu5kgvzz", "fields": {"session_data": ".eJxVjMsOwiAQRf-FtSFQKI8u3fsNZGCmFjVgSptojP-uTbrQ7T3nnhcLsC5TWBvNISMbmGSH3y1CulLZAF6gnCtPtSxzjnxT-E4bP1Wk23F3_wITtOn7NiKalBTF3hhFSisiq-RovYNuVJEM9kk5max14CWhB4sOo0VAoeOot2ij1nItgR73PD_ZIDvhjRDvDyg9QRE:1oaNyD:5tkvVIANuLIJ5zbdt0uvZXHqHaukhYPx-49axzvbY0A", "expire_date": "2022-10-03T21:06:25.103Z"}}, {"model": "sessions.session", "pk": "nm5yqdb1aheqz311nydp3u8z6m69j738", "fields": {"session_data": ".eJztW1tv27gS_i8FkheuDV2s2wJ-8C2JEztOc2vSg4VBSZTFWBIVUYrjHJz_foaS7ViKvNss2t208KIbSDMUOTMczjckx__9NMVZ6k8zTpIpdT_9_kn-9Ns2zcbOnESC4T7gaMaaDovShNpN0aS54vLmmLkk6K7aljrwMffha12ydcdRia3pukrUlkqIocqeYZlY8VSb6K7mqKbsGIaJLZm4FjZc07UNF7tSy_ZaolNOOKcsmpLnmCbLT7_LimTpkvTbpwWepZgGjTghT5QsGrL66ff_fHJ44oXUdQOywAlJGcjWvjTmJ4OUd312adInPJjcXB5P8O35jGf3Z_rj12Sm3z2MW1eu7H0x56Y0OM_ii_j2cTTRLx-yLDqMyHPaPnRYGJIonUYspR51cApi8TaLDlOaBqTdAxthJ0VHLAkPKdiLtQ-M7oGi2AFz5hweDtTOgdYtiHOyXFEUhUu-Los3pQd_UxhswzohQcCAjjxCAuQlhKCUoYRgx0csSxH10JJlyMdPBOFoiR4zwnO5XrtbxmTTXRbxdBkQd8N1SZz6BVsqKDQKaESuRLNLmHuyJbjWL5qAEWi63MV1cYpXVNDU6It_5S_HOK40OPTAaFOPksDljevJdWc0PZpcjq_arRJneD68Hu7gjYfn0_Ob8YonlXmduy2eLEllttQIsE2C9jkOSYXhkyCepvn0lxkJecxoQlwx_2VO_jAVZm9zGs0CIuxZaeP4jDqEVzt1iYezIJ0-4SAjbdKcoVPmR6jPqt9Tty1XSJPL_uDyDbU_GA2uB-Vx5JW6gxCWT4WzQ195p77ytr6kpsdaVeUaVR9AVZeRg5Y0E91AzAkr34DWSoVUaF2l1mmtrLS-JgGJfVaZEmWX5spOzZVtzaMstElS4deqrlRUlwxJUVVJarUqzUBbtUIqtK1S67RVV9qOIXriGanwduiq7tRV3dY1BOHpG6dW69VVK-pWmKBkq0IqlKxS10qmPo7mU4h5hfzfGGGV1ty16iPstehQBNEDRf7ZgmbCwil23QQmuc0ecIKfaORAc620iFK2aRTDTNCIRXJLLjXhmf1AnHSDYcL2CIghzcGXH_Igm7WdgtvI4J2waQF78IgTx5-6hDsJjQX4tA9nbBrQJzLF4GE5cBePKwQth3jplVyO71uManB_ZZQi-6ffZF1vqYYsa2pTV1qGaf3xNlHYmSf0bs7lrOc_cznNMs1t3cd8EY_MIPLvbsx5v-OoL751ez1hg0s6v7EfJ1TzHiXz_qr_cn4yPLlf5QmFXU4YgIk9pSEsv_ahT7A7DfmsfZEwr8hocIBG1COoxwDMASjQgqY-ui1msPjAZu7yW1385dl6Cetd_O2YjhgTEgYXYfeJcpb8ZJ5fWCeNwMui-bdaKHIMqtdb6EgkVuD8HAJVntf98_bIxWWex0la6jAg0Ww9hmwUtI1W0ra13mlJRZG2X0qKjobnZxslwyzFNgT89NWU45vrTnc0eLVDaWiwgrsSWC34WRJsvj1Qjl4DCbxsOolhIUbpcPWputKgmHCWJbATSJ4EwJSih1ZmlSNIhVmOInKFWYokepkJGRfIDMhboa4e24MoJQnEl4hkCfdpjI4z6mJYydUPtqPkN7qt-biwg3q3HbGEhGgY8yyEJR1xCOEkzUgCq5rGlDsiqkD6mTZR0ZLmLV0WsARxmiLId2t5QU7J__6IhfDG1WXlra-bK1_PB9oMPISZHwryW-f-rgGmOvtu1V1eE-4KeZ2olMhy4T-tKnXtP0c0Am-heXgGT4K1saw23XvOT-g5qz1LhbbetFTItZ6jFJ6jValrz_nCknmB6V0cvI04yt5vfka_We3-KrT19q9CrvUbtfAbvUpd-80wjFmS4ihFfeJQkRuiMZ7D9FU_2PvPT-g_q411hbbeWVfItf7TKvxHqVLX_tODZA2mbQzysDzlqTb8G37zqLLljl363m_-Eb9pCb_RqrTCb96Q134TU6dtHNLI--YD7-xF9Wd_NtF10ydOwV-nvmbmb9L8AaUkCMTOooeCzEkzjiLioCwIcOiwJAafCXGa0rxBnAVPkHolyMUxtaFpQNj36-hA60W_iuMqkvEPey4w3jiOF5rejpuS841jbGyKOMtvRyJCXHFtEieUvRCU-hz-YM4RheDV3GU-lrgkIW4joDxtQFYe_j1LvnPXr9UEiNZ7d_11piM827HkrjIeExS5lINdeAY-GQvb4RkV3i08GQyFYpIuEfOQgznj_67R3qu6EtnMq9cdNu6wpMSdmZ0FYnHRWSTOPEMUMw7LlHxcTX-Vo533HOHN4yed1s_k_gjvg8-zyB4gAlcP8NRtRvn4rsSqO7xbs0pHd6WvpEb-UFxcdTGnTg23fcN9jjQxW5IkCX3UfrmZDV_ytoB8H-gVXkLw3GWLIs2V-gdSB8F_FXdGwkE2zLyBUSGsvtp4hngx9TDRVuata_w65eitc9d9sOXuSNrZ62ZhibdJRBosgn8EvTAWopCQFCBWZDcyIs8kgf0jEW9j4lIHB4Czr7m_qFAQ-AtC5e09FgRskcVoVdeR1zT8ibw7FiN6XY11X71dn-sPKlOwRah293bJodWizJtUXFpq5IBQXEh0GZujc7YoN9gcIm4o20eIG-L2dmxFlLe9-DhhWVzDLbxY2e3GcsWNQUNTbmiA7CwW6ZtVafwj_dojhD39DH6NhLXgfw6A8l4Xj_0lz1v_Ij4u_5WPbx13bijbh50bYo2PK9s-fgHbGgrpWOMqr6CpaVd4u7z29nKL3eFa-fXd-mLtdVv-rL4zTisfL05Xe_im-VBUvfVvz0enKNsjDRtWzC8QBZS_igJbh9cbyvbR9Ya4qekhOGw4LIvSdqt4ERelAUmJ216_52O2pfVrHiXEc4hTsibCsIZl2aasmw1FkuxGyzaMhqnZekPViGc6kmwS2Vo3zwuSGrHPUtY2y8QIh6S9KsVAk4cy0yWinIS3e4NJwZAr0q7iJAD76rVG2jxUaoZnaMQiDVnWzEbL0b2GZVpGQ3JFBYttyKahrJtvS2uVibm0PZzQCMMOiMVl7lrca58kOIbdasFWKkKvprWtrF9rhM5nlrR0xXWJ1DAcFzdaFoiPZU9tSLilesRzVdmR1823hZalMjWXekQ5RhNuiyrabeZa6NeL0U5RqFI0UyvCqyvh1fVrjfD5mbgN8sq6pTds11YaLU1TG5aktRomVjVstDwNa-a6eUl4uUzNhR_jZI76oqrG5WX2WvxBlCZkVRewpcNq8zTN6xDbiqYbBohi6aaxYeWllH9S1LVuB5iV73bbZziMcYDFYeTNDEcuLmq2fFGG9LGrtTSjpTdVRddVtaZaS1Z2lWudLy9ZuFjeqddPOubJ8-Dli_L1_v7OPT8_vehf9qKT_kC-wOTr4vpG8uPrjL-MJPe-M7TiHpNvpW8r674qDryRfLg6-p6ul1vl_sNhT6KcPq_3UuR8goD5I7IMX1e5_i-j2jBFlCOMAiYOW3mK7YByn7jIE_WDqY9TYEKqBasSLWgQIJsgF4KPqG2AVvYS2pC8AXwpCtJya4kDRoxiMCFa-CSC3pm4k0TQG005CvCSZWkTQShDMaNF-0xUWaPtc3YQLBeApsjHQsgQmBAhGgHkMihiSQhrMReG2lme_EA3EE5SSPPF-oFvWBwzXpwaF_0fKEZvJSPEUbK6jNh6F-c6KMyvUMXAQnIU0PmWjgNIZcFGTTQWlfqwAucpg01ClltOfBZjZw6q87wwb0HswhCQrAkXA7kXIAspaYqFpoQmaFVkC5pCYETFVPWKAj9ULHlR0ym0CF6vEuCtmJssyp0XxAfBxMCcpiAGTwWTRqsxaORBLF420S1ADcs4gk_y6tDi5wfkiQVPYLK8JzG5Sxg3tyeHGJTSEHqEaceOQ10wW5kBcxBnibC52JXSSFSjQl9-FoqNqtBD9CjsCfvU5s-aReUReRVGGvIHD8u6ZJpNTTM0XakJy61dUflipJ-c9mYXg_tx68yazbrmbRRfzbUvDwafPB6N4purO3Z7pXe6-KpzT3qJvNQfjfkwOToNosmp9W1RGaLo7H0_snmxXW5vDirLd46QI_AUnZMFR6KmGuU-tyDCPZEYiaODI-nAOjqwzAOz99rJT1Ermztdbq8P7m-abDQt3ZBUVa5xOGOXw90raqpfnEUvkTf4vAysZHyXLiOiP3Z7c-zF86V9cToyw8GT1OfH0cOTf9RxXnrk9PaOuKf9dPhtDtcFA4o7oRQpefUxxOt1DuDi5aH46RtL2qdZNMsOixxA1g839dvfOQFwDduX_uUEoAK4nIZxAKiWheEyxx-BqSJmw24vSnMMF0EcBOMAtDlIRm4GELxslhBNALZNSI45myYAVAKNRFabuNtjEIE1XOTHeXtZk6QccfLkAUcAbHOAzagQQsCSQGWMZjgISH6bKQTKJYN1gENAaVeAN6A-IDkwCj6PiQMoFSGxg2-iYZFW8AziuAA88BjAL1Deg1ckUvUsoSSXA9ILhAPOCvQiOM6vnBHsXRwIXRF1ti0iPkhE3h_lF9iciyUNki4FPvsiJLj54AsYPGZxFgAMixylAGgkW7rEix8RFKkVjAdwCkqOCKRdMAiCBI1AGpXvHYpRtk0f4_y3QnydOYisCboRCoEMecc1SQtnXioWY5HsdAKYMXQB3YzBgCJncIJMLJbXZEEI9Drq38XyN-13Lp6tDrfv5nb4-Vbr7Ws7JMt_1XyrCEK8diejvnjbIWi_RuOPkZ8IqGiISNdQPjxitKymZpimXvczH3MXYHzGz_KZ5953zZve19HR2fAhuPKP46_jC-lOcrPZ48ODHy8vvOcRfbzo9PWlc9-lt3HPt3ufX7rLwXsBQ90AxupnArBq14AxxgGEpjViGD8MMUhKWukeMfaIsUeMSiDeI8Z3RAz1wyOGZjTFFsOq22JYuxDjeNI3k_RMXpyevBx3LoKzo-7DPTsefI7v-on5eDu7i5k-DikPtWgRn590lkT52j_2g9HLQlpkD-9FjNYGMSaxOAWj3gYw8kuJNV6YPwwvEtvQlnu82OPFHi8qYXiPF98RL1ofHi90tWlquqaadVdT0i7ASHrdIVY7CX4ggfU0eJhp9zMrmlxfnOm396f6qTyK7i9CZ6h_6Vlf570j_b77Ffcmi7k-nDwb2HgvYGgbwDhlWRLhYA0XlzTFa7SwfhhaYH_h4j1a7NFijxaVILxHi--IFtrHRwur2TIsQ6stZJB3osXzcO5eX11osTQ5c06kz0fPdpqo-smYhDdhqyMfZ50rJ9NlhfU68lF4vMQ32bF66pifvfTMvH8vWugbtLiEZbdEX2jE14DRZRAHVoihSD8MMYzAsOM9YuwRY48YlUC8R4zviBj6h0cMQ2uqpmm2ZOuP__0f6ug5Rw:1odYNT:YnODtc4U94QpESijWxze5JeRqVd29n06G9k1hJ-smIs", "expire_date": "2022-10-12T14:49:35.389Z"}}, {"model": "sessions.session", "pk": "qzw71g2y6mdlre2frzuhn7rd3r5shm97", "fields": {"session_data": ".eJztmW1v2zgSx79LgPgNq0DPsgroRZ7Xd3FSJM3tLg4HgxJHNteSqIqUHedw3_1GD1Zk2Wm7i97ttkiRGuJ_hhyR_HFEUf8-mtFSLWalhGLG2dH7I-PoXV8LabSErDKw32g2FyeRyFTBw5PK5aS1ypOpYJCctb47DSyoXGBtVw_dKLIgdFzXAsu2ADzLiD1_TM3YCsFlTmSNjcjzxtQ3gPnUY2MWeowy3Q5ju2pUgpRcZDN4ynmxOXpvmLrv6vq7ozWdK8oTLS9gxWGtWUfv_3kUySJOOWMJrGkBSuCtBVNrdf5zrpvXxt2nlMUP9-X9r6eUld7mw_WN8K9yHgteWtd2-Kmc_PLT1enT3x7p41qktxNfyeWvowyeVDBSXCUQ_CRSGIUzntI5BKMFUDZL5Tz4UIi4uVGakBseAzkXNFrwbE7WXC3IP3gWQaaaCqFgm-DYOzs2zTAR0VLixbF1euycNeISNq1ims9P_nNalcxz_FV4J51pP2ZUxSQ0Y4SyFZeieKm4yaGrWGZSbRJgnZVBrhaNWW8UniU8g4fK7R4JgN4tOheNC3aHq81rVkYVbVXsk3dR_e3WnNJ84NCOjspmGHwZXBVQDWMmy0RRhd0cibJAHooVj0BqH-8-nt7Mru7upw-Bs2ua3E4-Tl4zTie3s9vHaWs0BsbTX3pGd9eoaxwXQmAN1fYyuMwUFIhjBmUhFzwn1yVnFCd-WIGBjAqeV336Wg7Gn9ZhcpiDG1FASia5LFMkIJMQKVAlFAgBz7mMKggh4eqENJ689mQiEQWRXBGawkFbUiv17_-Co7qLIo4ltF0x2lYSyObbZsZeo9WBusATnPlJJe9T9U15HM4-G-Kia3f3F5f3-_LF5c3lx8tgVzYafuyhuuXnimdIC69XM5JEI7UZur6R8x2SY1TkmEOtIWdPPkiO2ZDjDNUtOT-LYtk8As5osp9xzDduvkduzIoba6g13OzJB7mxGm7cobrlZpLmolA0U-QCIl5tJciULnH6hhXe-PkO-bEqfuyh1vCzJx_kx274MYfqlp9z3GTjtE3xfkS95Rk6_gFuPlli479x8ydyY1fcOEOt4WZP3nKT8yjwRjyLxddOdPlsLeafm-hD04fOvak_MPOPqr4gCpKklJV7UkaqlCSDiJRJQtNIFDkyk1KleO2Ql8kKt14FYTTnIbomIL5dQ8fOefajgGvq3v-ZXDTsgROn49g4DM5tB0Y3pkQKshElThswogTJCy6egaiFxB8qJeGYvE5eGz5RMCiAaQmXSsNdefrHRvLbDgDI8pWF81DKHEjGuMTeyRLJyqsRoHNeMVrxiN0lOagNETGJqBTy--q6mYUiPtx3fP3GhQFS4dJLqiXC5xmOA09JLiQuNvjr9vSL-fkzByLI8_A4xOobdg9DdkyHjkK2pp2DkJ1aulZfzKpBDM6o5NEBa_AoF5I41aDpOv5eHVsXu24h1pRBlUAXqA9sBdAlE-tm06BfHOunBP8NniqkGtbOWDt4A6Gt1RFUFWIAsWpn-JDzCxxkP4MeqtCDhOivttqhWpXuMtBEhn9AnoVISQqgMGFVzwqDwBMUuBuHqjQFxiOaYNZ62UkRHtfZDG-q9o9Fkoh1mZP2rJTECMpn7vcVhMkLpYdq7VO9rTCYgp4wbG4fcdIyXrtsdyIdB_XCbE4Dz4RYklux3nXojmQ6pX8g04n9zW0rGn2KrwtR5gesDcXm6xgbA4yxh2NDczDDirx6GPoD5zeukWtSjRb-lyL73Yjni42svX8Qxo0vMd47POqU_tFRJx5g3Owz_gE3iRwfi9oDTkgCB_wa2o0t7bser6dr88fH-sOWuh7P1u_M0-ZfL08PW_iq-TAt1_6z5-O0HjoCWogr5gfIAuaXskDvKLBT-geBnbjNAgpoqkWizBR61IXqs1MCCliwLdcxA31brLNEvhBKbBWMGVtMN3xT12zP8zU7MsYaBZ1pBlDdd13b0sewdV_RpIRg3BSNQbg20eGTuS0Ow9WJbjw2fGbRseYbBoazwNCo75ia7jtWaHu-DuOu_Sac3xTNQbh2RDFJtsVhuHpEHT0OY7BczWWAXdQxnB9HhhaZhhHakW_Z23BmG87QR5jT5rMYKL5lQjCqPo3TSM2w6QwC03E9z3Yc3x17nQlSypNA_EYLumq-AzvHtj6v1JNIpJ0f5sp6Wx_8naY5TWh1pPA4pxmjI5mU82BRfXuWIGbNp2i8pEW0mPXP2EZzgRCtYEZVMKo_mTeXGCbFuLuvCfqLvPuS0DPsviL0DTsvCEfvDNe1fMtxfffEHuPkGf6__vNfsbLHxA:1obhgW:FY8SPvgbGHG4z_nMC8bnsal5suZqyvnVp5rrs_rGtKw", "expire_date": "2022-10-07T12:21:36.481Z"}}, {"model": "sessions.session", "pk": "ussi28ga8phuj208ftoow274789qg9x8", "fields": {"session_data": ".eJztWm1P3DoW_i9IzBc3KO8vlfIBGNpF5aUq0Nt2tRo58cnEnSTOjR1gWO1_X-dtSDKhve1elhaBIEqec2wf289zEmP_e2eBSxEvSg7FgpKd1zvazqs-FuBwBVllIF9xtmR7IctEQYO9ymWvtfK9U0YgOWh9BxXEmMeytK0GdhgaEFi2bYBhGgCOoUWO52I9MgKwiRUarhY6jos9DYiHHeKSwCGYqGYQmVWlHDinLFvAbU6L9c5r9dXODV4KTBMlL-Cawo1i7Lz-507IiyilhCRwgwsQTAblr98mV6tPxscvq_LiC8zfOUc5tz99fnsbnf1x8_4kiD-vPFx8_Ky6-bsvh4VDU7u4OLtk5-aRGx9GX2YZ3Ap_JqhIwP8HS2EWLGiKl-DPYsBkkfKl_75gURMiTtAJjQAdMhzGNFuiGypi9JFmIWSiKRAwsvZ3nYNdXQ8SFq64vNk19netgwZcwbpFdP3u1rtLqyf9UF6FjGRj2m4zrNpEOCMIk2vKWXFfcJ3DpmCZcbFOgGysBHIRN2a1QWiW0AwuKrcPcu6hF6I1b1xkd6hYP2QlWOAWlX1y5tXvsOQpzkcO7eiIbCEbX_lvCqiGMeNlIrCQ3ZyxspBMKK5pCFy5PL_cP1m8Of9weuFbQ9Px2fHl8UPG0-OzxdnVaWvURsb9Tz2jPTSqCpUS8I0x2t76R5mAQtIxg7LgMc3R25ISLCd-XIAADwuaV336qzxw_7wJkmkenLACUnSc8zKVDMg4hAJECYUkAc0pDysSQkLFHmo8ae1JWMIKxKlAOIVJW1Ij9fUxeFR3kUURh7YrWltLAtmyq8Z1GqxuaNPwsZz54wreZtXfysfx7JMxXVTl_MP86MM2PD86Obo88oew1vDHHKMdf97QTLKF1mqWTMKhWI9dx8xR57vqPpI_Iw6hqu8bY-3gjIC21IZkaMSyKef76Ufb8z9VoMcIpD5Y64bN6P9K56lYHiDs9nh-c1x7FfYZjrTpdnvuffKjhv3fcu_pAg2E8UCs84lONzKYGoxtSaFWUyNq9YBxddv6Qq3AapctmWmVzPQx1shsC56Umd7IzBqjncz-YMWqeV8e4GQ7PesvInsR2cD9-YlMr0RmjLFGZFvwpMiMRmT2GO1EdpzmrBA4E2gOIa0-UtEpXklajQu8iO1FbH335yc2oxKbOcYasW3Bk2IzG7HpY7QT26Fc60o6ncqwWL3yGDs-ssj-NNjaexHZi8jQk4nMrERmjbFGZFtwJ7Kchr4zo1nEHkMV5Z0RL38JVUxxXZbv6WRCJleivkECkqTklXtShqLkKIMQlUmC05AVuRRYioWgtUNeJtdyDVsggnMaSNcE2N9X0a51mD1nlevqd3X7u8p8XMNf0k-UupH2A_phBYECiJJQLhQqvjmTPyGls41UNixDnKE1KyWRgSDBUF5QdgdIxFxeMOeIyhfy3k8S6ukGHnj5I3nrkcf9ouQ5oIxQLkeVl1LjeTXyeEmrbFFlBjnMKAexRixCIeaM_35DrmcBi36dMT_KhEyNwIVMvkmVJOkyk-NPU5QzLtMtPOkI_y8fDd_YWZDqHe8rGH3DcFdhYJraU-hMgx2FQSlVqW8W1eT6B5jTcMLqX_GYI6uaOFWV1ze7xnzoFsiS3K9eoLHER7YC8Iqwm8dZW9tpYT3xB855BgrL5C-gO8ZSlAIImZ6rbwUNwS0UIeVQPZ0CoSFOZI6-XwshGtW5WwZV-0csSdhNmaN2uxFFkii_K9MHPKjzRbOtdsDYCp2xm6HDZm9jg_R3NjZgf3naglqfxW8LVuYT1obF-sM01kY0lj10NcWSeZ3l1TeMN3J-TF5HAOz6d-A1qkZL_nGW_TDF83jNa-9nwnHtexzvbSxskP62wgac4Lje5_h7uUig8qWoXMgJSWDCr2G71rF96PFwutafP63fd6zr8dn4wTyt_3p5-ue--QzbfOr52K-HDoESSMU8gyygfy8L9HY-Nkh_32MDdllAAE6VkJWZ8M3moTq_kYAA4nfPdZu-2j3WWaK6T7GADpTNOp4XuJrtKrqqBooZOI7iWoGtGBZEbqhqLmhe536NkxKUPGaC-e4QzHAKfnugCJ1_HRoJVIeiuH94dN4YtFG0bZ6UL_b2cSLaOlVaTuRY4IGiaZarmKEdKZ7rOYpKJGAEjuY6eufej9YbgnW0h7igGZaf3CwfWrtwL2MocC4XM41ZHwXdTquvd48TQdczC6atEwKq4oQEK6Ynw8daZCgqNo0IImJooda594PW1CFaR31COUbnPJDrg4GxC_r-vMZ-c9yqcTNGwRtt8Eb3OBF8vUcQyHg127OVgAS6YlqWoXiqZSouNizsmJGFLbdzHwSvDdE6-FNcrNC8OhtG-NDchS8XeQW0x5V6fZBvmuUiAizKAvxZdeYPh2IhW8rA1y3bcWRgnu06GxOksjqffcUFvm5Yae2a6rJC90KWbvzkG6xebPnvcJrjBFf_6Lta4ozgGU_KpR9XR-s4sEVz0k7e4iKMF_29i9mSSWlfwwILf1afBWxuZTOpbHe4eFPv4eHSrWcYLtz6hsGybeeVZtumbuuuq-95hm055r_-819JvJVO:1od4ni:DUmBX4eg__X7viWvon6FHjU1RkM7xHKeoB7kPRCEeU4", "expire_date": "2022-10-11T07:14:42.937Z"}}]